time,uptime,CPU1,CPU2,CPU3,CPU4,CPU5,CPU6,RAM,SWAP,EMC,GPU,APE,NVDEC,NVJPG,NVJPG1,OFA,SE,VIC,Fan pwmfan0,Temp cpu,Temp cv0,Temp cv1,Temp cv2,Temp gpu,Temp soc0,Temp soc1,Temp soc2,Temp tj,Power VDD_CPU_GPU_CV,Power VDD_SOC,Power TOT,jetson_clocks,nvp model
2025-11-18 16:30:41.401430,3:08:41.950000,35,46,44,33,92,19,0.27214150632424056,0.28419509294290135,0,0.0,OFF,OFF,OFF,OFF,OFF,OFF,OFF,21.176470588235293,45.156,-256,-256,-256,46.125,45.562,44.656,44.406,45.906,1353,1196,4744,OFF,25W
2025-11-18 16:30:41.402396,3:08:41.950000,35,46,44,33,92,19,0.27214150632424056,0.28419509294290135,0,0.0,OFF,OFF,OFF,OFF,OFF,OFF,OFF,21.176470588235293,45.156,-256,-256,-256,46.125,45.562,44.656,44.406,45.906,1353,1196,4744,OFF,25W
2025-11-18 16:30:42.401067,3:08:42.950000,26,24,9,12,100,3,0.2820499018541844,0.28419509294290135,0,0.0,OFF,OFF,OFF,OFF,OFF,OFF,OFF,23.92156862745098,45.187,-256,-256,-256,46.062,45.625,44.718,44.437,46.062,1156,1196,4505,OFF,25W
2025-11-18 16:30:43.403020,3:08:43.950000,12,5,4,8,100,4,0.2854231035608809,0.28419509294290135,0,0.0,OFF,OFF,OFF,OFF,OFF,OFF,OFF,23.92156862745098,45.125,-256,-256,-256,45.875,45.562,44.593,44.406,45.875,1076,1196,4385,OFF,25W
2025-11-18 16:30:44.403958,3:08:44.950000,11,9,5,6,100,3,0.2872317138376629,0.28419509294290135,0,0.0,OFF,OFF,OFF,OFF,OFF,OFF,OFF,23.92156862745098,45.031,-256,-256,-256,46.156,45.593,44.656,44.437,46.156,1036,1196,4385,OFF,25W
2025-11-18 16:30:45.408348,3:08:45.950000,10,11,6,6,100,6,0.2908812310033122,0.28419509294290135,0,0.0,OFF,OFF,OFF,OFF,OFF,OFF,OFF,23.92156862745098,45.062,-256,-256,-256,46.0,45.468,44.625,44.406,46.0,1114,1196,4425,OFF,25W
2025-11-18 16:30:46.402403,3:08:46.950000,11,12,6,8,100,4,0.29284414731561326,0.28419509294290135,0,0.0,OFF,OFF,OFF,OFF,OFF,OFF,OFF,23.92156862745098,45.281,-256,-256,-256,46.281,45.5,44.531,44.375,46.281,1076,1196,4385,OFF,25W
2025-11-18 16:30:47.409463,3:08:47.950000,16,13,14,8,100,12,0.2955847455411451,0.28419509294290135,0,0.0,OFF,OFF,OFF,OFF,OFF,OFF,OFF,23.92156862745098,45.281,-256,-256,-256,46.031,45.531,44.593,44.375,46.031,1076,1196,4432,OFF,25W
2025-11-18 16:30:48.397598,3:08:48.950000,41,9,4,6,68,3,0.29587438976064107,0.28419509294290135,0,0.0,OFF,OFF,OFF,OFF,OFF,OFF,OFF,23.92156862745098,45.281,-256,-256,-256,45.937,45.656,44.593,44.468,45.937,1076,1198,4353,OFF,25W
2025-11-18 16:30:49.399066,3:08:49.960000,100,5,3,6,3,3,0.29581133447037916,0.28419509294290135,0,0.0,OFF,OFF,OFF,OFF,OFF,OFF,OFF,23.92156862745098,45.593,-256,-256,-256,46.093,45.593,44.687,44.5,46.093,1116,1156,4353,OFF,25W
2025-11-18 16:30:50.401114,3:08:50.960000,100,12,12,11,10,10,0.2988354251797717,0.28419509294290135,0,0.0,OFF,OFF,OFF,OFF,OFF,OFF,OFF,23.92156862745098,45.343,-256,-256,-256,46.125,45.593,44.656,44.468,45.968,1116,1196,4392,OFF,25W
2025-11-18 16:30:51.409895,3:08:51.960000,88,11,10,9,17,5,0.3010315948015783,0.28419509294290135,0,0.0,OFF,OFF,OFF,OFF,OFF,OFF,OFF,23.92156862745098,45.156,-256,-256,-256,46.125,45.656,44.718,44.5,46.125,996,1196,4432,OFF,25W
2025-11-18 16:30:52.411232,3:08:52.960000,9,8,7,10,100,4,0.3048425950276546,0.28419509294290135,0,0.0,OFF,OFF,OFF,OFF,OFF,OFF,OFF,23.92156862745098,45.156,-256,-256,-256,46.031,45.625,44.718,44.375,46.031,1076,1196,4392,OFF,25W
2025-11-18 16:30:53.409515,3:08:53.960000,6,3,10,5,100,5,0.3073002134139621,0.28419509294290135,0,0.0,OFF,OFF,OFF,OFF,OFF,OFF,OFF,23.92156862745098,45.125,-256,-256,-256,46.0,45.656,44.593,44.468,46.187,1076,1196,4385,OFF,25W
2025-11-18 16:30:54.413636,3:08:54.960000,6,9,3,5,100,3,0.3084095764068635,0.28419509294290135,0,0.0,OFF,OFF,OFF,OFF,OFF,OFF,OFF,23.92156862745098,45.218,-256,-256,-256,46.062,45.625,44.656,44.406,46.062,958,1198,4320,OFF,25W
2025-11-18 16:30:55.413114,3:08:55.960000,8,13,8,9,100,3,0.3107098128898342,0.28419509294290135,0,0.0,OFF,OFF,OFF,OFF,OFF,OFF,OFF,23.92156862745098,45.406,-256,-256,-256,46.281,45.625,44.687,44.406,46.281,1114,1196,4425,OFF,25W
2025-11-18 16:30:56.415161,3:08:56.960000,9,11,10,6,100,3,0.3134345191316415,0.28419509294290135,0,0.0,OFF,OFF,OFF,OFF,OFF,OFF,OFF,23.92156862745098,45.187,-256,-256,-256,46.062,45.562,44.625,44.468,46.062,1114,1196,4465,OFF,25W
2025-11-18 16:30:57.421693,3:08:57.960000,9,7,7,6,100,3,0.3152620972599657,0.28419509294290135,0,0.0,OFF,OFF,OFF,OFF,OFF,OFF,OFF,23.92156862745098,45.312,-256,-256,-256,46.375,45.593,44.687,44.406,46.375,917,1196,4392,OFF,25W
2025-11-18 16:30:58.409503,3:08:58.960000,8,7,9,22,43,2,0.3163776119885024,0.28419509294290135,0,0.0,OFF,OFF,OFF,OFF,OFF,OFF,OFF,23.92156862745098,45.093,-256,-256,-256,46.156,45.625,44.75,44.437,46.156,722,1163,4019,OFF,25W
2025-11-18 16:30:59.416378,3:08:59.960000,13,5,9,22,1,3,0.3163324992605101,0.28419509294290135,0,0.0,OFF,OFF,OFF,OFF,OFF,OFF,OFF,23.92156862745098,45.125,-256,-256,-256,45.968,45.625,44.75,44.406,45.968,643,1167,3824,OFF,25W
2025-11-18 16:31:00.416054,3:09:00.970000,13,10,18,27,2,3,0.31522723742469894,0.28419509294290135,0,0.0,OFF,OFF,OFF,OFF,OFF,OFF,OFF,23.92156862745098,44.906,-256,-256,-256,45.906,45.656,44.687,44.406,46.093,643,1165,3904,OFF,25W
2025-11-18 16:31:01.419416,3:09:01.970000,11,33,22,37,24,31,0.3149575863460177,0.28419509294290135,0,0.0,OFF,OFF,OFF,OFF,OFF,OFF,OFF,23.92156862745098,44.875,-256,-256,-256,45.937,45.593,44.781,44.406,45.937,602,1165,4019,OFF,25W
2025-11-18 16:31:02.420784,3:09:02.970000,47,93,12,87,100,100,0.31573526825924847,0.28419509294290135,0,0.0,OFF,OFF,OFF,OFF,OFF,OFF,OFF,23.92156862745098,45.031,-256,-256,-256,46.0,45.625,44.656,44.375,46.093,601,1165,4139,OFF,25W
2025-11-18 16:31:03.423636,3:09:03.970000,39,79,9,7,98,62,0.31686564968223724,0.28419509294290135,0,0.0,OFF,OFF,OFF,OFF,OFF,OFF,OFF,23.92156862745098,45.125,-256,-256,-256,45.906,45.562,44.531,44.312,45.906,601,1165,4179,OFF,25W
2025-11-18 16:31:04.414742,3:09:04.970000,19,85,13,26,12,10,0.318867014342259,0.28419509294290135,0,0.0,OFF,OFF,OFF,OFF,OFF,OFF,OFF,23.92156862745098,45.312,-256,-256,-256,46.25,45.656,44.656,44.468,46.25,1116,1198,4672,OFF,25W
2025-11-18 16:31:05.415223,3:09:05.970000,83,13,16,11,31,11,0.32067357404049585,0.28419509294290135,0,0.0,OFF,OFF,OFF,OFF,OFF,OFF,OFF,23.92156862745098,45.187,-256,-256,-256,46.375,45.687,44.687,44.531,46.375,1154,1196,4585,OFF,25W
2025-11-18 16:31:06.425800,3:09:06.970000,29,27,30,29,40,81,0.3238791409511301,0.28419509294290135,0,0.0,OFF,OFF,OFF,OFF,OFF,OFF,OFF,23.92156862745098,45.187,-256,-256,-256,46.062,45.656,44.625,44.312,46.062,1194,1196,4545,OFF,25W
2025-11-18 16:31:07.426486,3:09:07.970000,30,31,62,26,56,48,0.33918773507960603,0.28419509294290135,0,0.0,OFF,OFF,OFF,OFF,OFF,OFF,OFF,23.92156862745098,45.218,-256,-256,-256,46.031,45.625,44.718,44.531,46.031,1393,1196,5063,OFF,25W
2025-11-18 16:31:08.428974,3:09:08.970000,14,83,14,25,93,14,0.3588030567974372,0.28419509294290135,0,0.0,OFF,OFF,OFF,OFF,OFF,OFF,OFF,23.92156862745098,45.375,-256,-256,-256,46.156,45.625,44.687,44.593,46.156,1313,1194,4864,OFF,25W
2025-11-18 16:31:09.424478,3:09:09.980000,39,100,12,14,36,77,0.35970992515900957,0.28419509294290135,0,0.0,OFF,OFF,OFF,OFF,OFF,OFF,OFF,23.92156862745098,45.5,-256,-256,-256,46.281,45.625,44.687,44.593,46.281,1194,1194,4864,OFF,25W
2025-11-18 16:31:10.437921,3:09:10.980000,21,50,17,34,81,47,0.3599308749972445,0.28419509294290135,0,0.0,OFF,OFF,OFF,OFF,OFF,OFF,OFF,23.92156862745098,45.468,-256,-256,-256,46.218,45.75,44.687,44.468,46.218,1154,1194,4864,OFF,25W
2025-11-18 16:31:11.443317,3:09:11.980000,41,46,22,44,100,2,0.35955356854494536,0.28419509294290135,0,0.0,OFF,OFF,OFF,OFF,OFF,OFF,OFF,23.92156862745098,45.125,-256,-256,-256,46.031,45.75,44.843,44.531,46.031,1074,1196,4824,OFF,25W
2025-11-18 16:31:12.437215,3:09:12.980000,45,13,29,71,100,10,0.3573327919805974,0.28419509294290135,0,0.0,OFF,OFF,OFF,OFF,OFF,OFF,OFF,23.92156862745098,45.312,-256,-256,-256,46.093,45.656,44.75,44.5,46.156,1154,1194,4784,OFF,25W
2025-11-18 16:31:13.444335,3:09:13.980000,58,21,31,56,52,2,0.35744352322203304,0.28419509294290135,0,0.0,OFF,OFF,OFF,OFF,OFF,OFF,OFF,23.92156862745098,45.125,-256,-256,-256,46.281,45.781,44.875,44.531,46.281,878,1200,4520,OFF,25W
2025-11-18 16:31:14.445329,3:09:14.980000,31,13,33,95,1,2,0.3599103692117935,0.28419509294290135,0,0.0,OFF,OFF,OFF,OFF,OFF,OFF,OFF,23.92156862745098,45.093,-256,-256,-256,46.062,45.812,44.75,44.531,46.062,641,1163,4213,OFF,25W
2025-11-18 16:31:15.444793,3:09:15.980000,91,11,12,100,3,5,0.3625146039640759,0.28419509294290135,0,0.0,OFF,OFF,OFF,OFF,OFF,OFF,OFF,23.92156862745098,44.906,-256,-256,-256,46.062,45.687,44.75,44.406,46.218,601,1163,4173,OFF,25W
2025-11-18 16:31:16.448195,3:09:16.980000,73,17,72,60,4,7,0.3657037662463493,0.28419509294290135,0,0.0,OFF,OFF,OFF,OFF,OFF,OFF,OFF,23.92156862745098,45.218,-256,-256,-256,46.093,45.687,44.75,44.468,46.093,641,1163,4213,OFF,25W
2025-11-18 16:31:17.449994,3:09:17.980000,50,24,85,60,4,8,0.3707528032690323,0.28419509294290135,0,0.0,OFF,OFF,OFF,OFF,OFF,OFF,OFF,23.92156862745098,45.156,-256,-256,-256,46.406,45.718,44.75,44.531,46.406,720,1200,4407,OFF,25W
2025-11-18 16:31:18.449546,3:09:18.980000,77,20,95,100,10,14,0.37137976765919795,0.28419509294290135,0,0.0,OFF,OFF,OFF,OFF,OFF,OFF,OFF,23.92156862745098,45.25,-256,-256,-256,46.125,45.625,44.75,44.468,46.125,641,1161,4253,OFF,25W
2025-11-18 16:31:19.450591,3:09:19.980000,59,35,64,100,32,34,0.35475880326185527,0.28419509294290135,0,0.0,OFF,OFF,OFF,OFF,OFF,OFF,OFF,23.92156862745098,45.281,-256,-256,-256,46.093,45.656,44.718,44.531,46.093,840,1201,4527,OFF,25W
2025-11-18 16:31:20.449399,3:09:20.990000,54,23,97,96,65,7,0.35290046645535456,0.28419509294290135,0,0.0,OFF,OFF,OFF,OFF,OFF,OFF,OFF,23.92156862745098,45.187,-256,-256,-256,46.125,45.812,44.625,44.5,46.125,681,1201,4293,OFF,25W
2025-11-18 16:31:21.457151,3:09:21.990000,79,12,48,100,46,60,0.351100058492753,0.28419509294290135,0,0.0,OFF,OFF,OFF,OFF,OFF,OFF,OFF,23.92156862745098,45.062,-256,-256,-256,46.093,45.75,44.843,44.5,46.093,641,1163,4213,OFF,25W
2025-11-18 16:31:22.452289,3:09:22.990000,16,11,25,100,63,54,0.35123898518918384,0.28419509294290135,0,0.0,OFF,OFF,OFF,OFF,OFF,OFF,OFF,23.92156862745098,45.093,-256,-256,-256,46.156,45.781,44.875,44.5,46.156,600,1163,4213,OFF,25W
2025-11-18 16:31:23.453282,3:09:23.990000,17,9,7,100,100,26,0.3517454780898246,0.28419509294290135,0,0.0,OFF,OFF,OFF,OFF,OFF,OFF,OFF,23.92156862745098,45.062,-256,-256,-256,46.031,45.656,44.75,44.5,46.031,601,1163,4179,OFF,25W
2025-11-18 16:31:24.537590,3:09:24.990000,23,31,40,89,46,88,0.4646687879901716,0.2842607117590969,0,0.0,OFF,OFF,OFF,OFF,OFF,OFF,OFF,23.92156862745098,45.5,-256,-256,-256,46.156,45.781,44.875,44.625,46.156,1275,1275,5231,OFF,25W
2025-11-18 16:31:25.597111,3:09:25.990000,42,61,43,58,47,66,0.5144609362223934,0.2842607117590969,0,3.0,OFF,OFF,OFF,OFF,OFF,OFF,OFF,23.92156862745098,45.625,-256,-256,-256,46.25,45.718,44.812,44.593,46.25,1156,1236,4952,OFF,25W
2025-11-18 16:31:26.455415,3:09:26.990000,34,86,35,16,55,48,0.5153365332611529,0.2842607117590969,0,1.0,OFF,OFF,OFF,OFF,OFF,OFF,OFF,23.92156862745098,45.375,-256,-256,-256,46.187,45.687,44.75,44.5,46.187,760,1201,4407,OFF,25W
2025-11-18 16:31:27.461069,3:09:27.990000,20,17,58,53,100,17,0.5154898140073995,0.2842607117590969,0,3.2,OFF,OFF,OFF,OFF,OFF,OFF,OFF,23.92156862745098,45.281,-256,-256,-256,46.187,45.937,44.718,44.468,46.187,642,1203,4213,OFF,25W
2025-11-18 16:31:28.452536,3:09:28.990000,14,28,100,40,8,9,0.5155595336779331,0.2842607117590969,0,0.0,OFF,OFF,OFF,OFF,OFF,OFF,OFF,23.92156862745098,45.625,-256,-256,-256,46.218,45.656,44.781,44.562,46.218,721,1201,4373,OFF,25W
2025-11-18 16:31:29.469401,3:09:29.990000,38,47,62,60,11,20,0.5162018774071869,0.2842607117590969,0,0.0,OFF,OFF,OFF,OFF,OFF,OFF,OFF,23.92156862745098,45.25,-256,-256,-256,46.187,45.906,44.687,44.468,46.187,681,1201,4246,OFF,25W
2025-11-18 16:31:30.473109,3:09:31,38,41,18,45,94,16,0.5161608658362848,0.28445756820768353,0,41.3,OFF,OFF,OFF,OFF,OFF,OFF,OFF,23.92156862745098,45.437,-256,-256,-256,46.187,45.875,44.875,44.656,46.187,800,1282,4567,OFF,25W
2025-11-18 16:31:31.466176,3:09:32,34,45,58,36,33,100,0.5161260060010181,0.28491689992105235,0,2.1,OFF,OFF,OFF,OFF,OFF,OFF,OFF,23.92156862745098,45.125,-256,-256,-256,46.281,45.781,44.937,44.625,46.281,840,1200,4520,OFF,25W
2025-11-18 16:31:32.655728,3:09:33,21,52,42,54,64,43,0.5159768264118618,0.28576994453159443,0,1.0,OFF,OFF,OFF,OFF,OFF,OFF,OFF,23.92156862745098,45.187,-256,-256,-256,46.343,45.781,44.718,44.562,46.343,800,1200,4480,OFF,25W
2025-11-18 16:31:33.715446,3:09:34,17,92,27,22,46,12,0.513754511913605,0.29095383101104244,0,0.0,OFF,OFF,OFF,OFF,OFF,OFF,OFF,23.92156862745098,45.25,-256,-256,-256,46.468,45.75,44.75,44.656,46.468,721,1201,4333,OFF,25W
2025-11-18 16:31:34.469165,3:09:35,45,69,79,34,10,14,0.5138078269557778,0.2859011821639855,0,1.3,OFF,OFF,OFF,OFF,OFF,OFF,OFF,23.92156862745098,45.156,-256,-256,-256,46.437,45.781,44.75,44.531,46.125,721,1201,4326,OFF,25W
2025-11-18 16:31:36.109544,3:09:36,32,100,31,47,68,45,0.5135366379431877,0.2859011821639855,0,0.0,OFF,OFF,OFF,OFF,OFF,OFF,OFF,23.92156862745098,45.187,-256,-256,-256,46.437,45.812,44.687,44.531,46.187,760,1201,4366,OFF,25W
2025-11-18 16:31:36.516922,3:09:37,82,81,55,86,43,16,0.5284048703291024,0.28596680098018107,0,0.0,OFF,OFF,OFF,OFF,OFF,OFF,OFF,23.92156862745098,45.468,-256,-256,-256,46.593,45.875,44.75,44.656,46.593,1038,1238,4800,OFF,25W
2025-11-18 16:31:37.460603,3:09:38,63,58,57,85,53,31,0.5649061937212311,0.2860324197963766,0,4.8,OFF,OFF,OFF,OFF,OFF,OFF,OFF,23.92156862745098,45.187,-256,-256,-256,46.187,45.781,44.875,44.562,46.187,838,1200,4480,OFF,25W
2025-11-18 16:31:38.464424,3:09:39,77,88,70,62,27,47,0.5698070764440303,0.2860324197963766,0,0.0,OFF,OFF,OFF,OFF,OFF,OFF,OFF,23.92156862745098,45.562,-256,-256,-256,46.343,45.781,44.75,44.625,46.343,998,1277,4872,OFF,25W
2025-11-18 16:31:39.470819,3:09:40,46,35,53,76,42,19,0.5739989716348596,0.2860324197963766,0,0.0,OFF,OFF,OFF,OFF,OFF,OFF,OFF,23.92156862745098,45.312,-256,-256,-256,46.281,45.875,44.875,44.656,46.437,998,1198,4680,OFF,25W
2025-11-18 16:31:40.444972,3:09:41,19,52,17,39,15,9,0.57304904112384,0.2860324197963766,0,93.0,OFF,OFF,OFF,OFF,OFF,OFF,OFF,23.92156862745098,46.5,-256,-256,-256,49.093,46.281,45.156,45.687,49.093,6041,4093,15138,OFF,25W
2025-11-18 16:31:41.444648,3:09:42,39,28,18,63,14,13,0.5756250804211274,0.2860324197963766,0,93.2,OFF,OFF,OFF,OFF,OFF,OFF,OFF,23.92156862745098,47.156,-256,-256,-256,49.656,46.718,45.406,46.343,49.656,7038,5100,17604,OFF,25W
2025-11-18 16:31:42.449905,3:09:43.010000,13,74,16,29,7,8,0.5782918578190355,0.2860324197963766,0,94.4,OFF,OFF,OFF,OFF,OFF,OFF,OFF,27.45098039215686,47.531,-256,-256,-256,50.343,47.0,45.593,46.718,50.343,6960,5217,17722,OFF,25W
2025-11-18 16:31:43.450995,3:09:44.010000,10,61,42,4,9,7,0.5980466188779336,0.2860324197963766,0,93.7,OFF,OFF,OFF,OFF,OFF,OFF,OFF,27.45098039215686,48.031,-256,-256,-256,50.5,47.281,45.875,47.062,50.5,6960,5217,17732,OFF,25W
2025-11-18 16:31:44.457325,3:09:45.010000,22,62,10,7,9,12,0.6217174723133448,0.2860324197963766,0,99.8,OFF,OFF,OFF,OFF,OFF,OFF,OFF,27.45098039215686,48.093,-256,-256,-256,50.75,47.531,46.156,47.218,50.75,6541,4943,16740,OFF,25W
2025-11-18 16:31:45.451442,3:09:46.010000,13,26,30,17,15,14,0.6257478844437473,0.2860324197963766,0,99.2,OFF,OFF,OFF,OFF,OFF,OFF,OFF,27.45098039215686,48.312,-256,-256,-256,50.593,47.656,46.375,47.343,50.593,6080,4526,15257,OFF,25W
2025-11-18 16:31:46.451308,3:09:47.010000,11,4,20,18,9,9,0.6261841450292182,0.2860324197963766,0,99.4,OFF,OFF,OFF,OFF,OFF,OFF,OFF,27.45098039215686,48.406,-256,-256,-256,50.625,47.875,46.531,47.531,50.625,5767,4683,15178,OFF,25W
2025-11-18 16:31:47.453867,3:09:48.010000,11,8,19,24,5,9,0.6260913563500522,0.2860324197963766,0,94.5,OFF,OFF,OFF,OFF,OFF,OFF,OFF,27.45098039215686,48.718,-256,-256,-256,51.125,48.187,46.937,47.75,51.125,5884,4762,15533,OFF,25W
2025-11-18 16:31:48.454588,3:09:49.010000,7,7,53,5,11,7,0.6262523267658429,0.2860324197963766,0,91.8,OFF,OFF,OFF,OFF,OFF,OFF,OFF,27.45098039215686,48.781,-256,-256,-256,51.062,48.218,46.968,47.906,51.062,5963,4801,15547,OFF,25W
2025-11-18 16:31:49.452935,3:09:50.010000,7,24,5,5,40,9,0.6264409799919924,0.2860324197963766,0,99.0,OFF,OFF,OFF,OFF,OFF,OFF,OFF,27.45098039215686,48.937,-256,-256,-256,51.531,48.5,47.125,48.25,51.531,6080,4833,15822,OFF,25W
2025-11-18 16:31:50.453645,3:09:51.010000,7,9,7,7,50,9,0.6264071454459983,0.2860324197963766,0,99.4,OFF,OFF,OFF,OFF,OFF,OFF,OFF,27.45098039215686,49.218,-256,-256,-256,51.687,48.75,47.343,48.343,51.687,6002,4794,15704,OFF,25W
2025-11-18 16:31:51.452700,3:09:52.010000,13,10,10,9,11,9,0.6264384167688111,0.2860324197963766,0,93.7,OFF,OFF,OFF,OFF,OFF,OFF,OFF,27.45098039215686,49.687,-256,-256,-256,52.25,48.968,47.562,48.75,52.375,6686,5139,17015,OFF,25W
2025-11-18 16:31:52.461184,3:09:53.020000,13,39,25,18,8,3,0.6262789842869293,0.2860324197963766,0,92.7,OFF,OFF,OFF,OFF,OFF,OFF,OFF,30.58823529411765,50.25,-256,-256,-256,52.562,49.125,47.75,49.062,52.562,7038,5209,17683,OFF,25W
2025-11-18 16:31:53.448770,3:09:54.020000,32,31,42,39,33,36,0.6333975677062588,0.2860324197963766,0,98.8,OFF,OFF,OFF,OFF,OFF,OFF,OFF,30.58823529411765,50.093,-256,-256,-256,52.781,49.468,48.093,49.312,52.781,6776,4872,16649,OFF,25W
2025-11-18 16:31:54.457999,3:09:55.020000,7,5,7,11,22,33,0.633819474241914,0.2860324197963766,0,99.6,OFF,OFF,OFF,OFF,OFF,OFF,OFF,30.58823529411765,50.312,-256,-256,-256,52.656,49.75,48.25,49.343,52.656,6198,4872,15980,OFF,25W
2025-11-18 16:31:55.444828,3:09:56.020000,17,15,16,11,42,11,0.6339906975504301,0.2860324197963766,0,95.1,OFF,OFF,OFF,OFF,OFF,OFF,OFF,30.58823529411765,50.718,-256,-256,-256,52.656,49.906,48.312,49.5,52.843,6237,4833,16019,OFF,25W
2025-11-18 16:31:56.458945,3:09:57.020000,18,12,18,17,26,14,0.6343295556550086,0.2860324197963766,0,99.9,OFF,OFF,OFF,OFF,OFF,OFF,OFF,30.58823529411765,50.75,-256,-256,-256,53.093,49.937,48.687,49.656,53.093,6462,5069,16570,OFF,25W
2025-11-18 16:31:57.460969,3:09:58.020000,16,18,16,15,8,15,0.6343608269778215,0.2860324197963766,0,98.8,OFF,OFF,OFF,OFF,OFF,OFF,OFF,30.58823529411765,50.781,-256,-256,-256,53.25,50.187,48.781,49.968,53.25,6306,4833,16019,OFF,25W
2025-11-18 16:31:58.460761,3:09:59.020000,11,13,11,5,2,24,0.634380307474,0.28596680098018107,0,99.9,OFF,OFF,OFF,OFF,OFF,OFF,OFF,30.58823529411765,50.906,-256,-256,-256,53.656,50.375,48.968,50.156,53.656,6462,4990,16570,OFF,25W
2025-11-18 16:31:59.461442,3:10:00.020000,15,13,12,18,7,14,0.6334662620875198,0.28596680098018107,0,92.3,OFF,OFF,OFF,OFF,OFF,OFF,OFF,30.58823529411765,51.312,-256,-256,-256,53.5,50.468,49.218,50.218,53.5,6345,4833,15980,OFF,25W
2025-11-18 16:32:00.462456,3:10:01.020000,10,11,6,11,7,31,0.6336538900243968,0.28596680098018107,0,97.3,OFF,OFF,OFF,OFF,OFF,OFF,OFF,30.58823529411765,51.468,-256,-256,-256,53.812,50.625,49.343,50.468,53.812,6227,4912,16216,OFF,25W
2025-11-18 16:32:01.463849,3:10:02.020000,12,15,18,18,13,16,0.6347560759923903,0.28596680098018107,0,92.6,OFF,OFF,OFF,OFF,OFF,OFF,OFF,30.58823529411765,51.625,-256,-256,-256,54.062,50.875,49.5,50.562,53.812,6306,4833,16058,OFF,25W
2025-11-18 16:32:02.469208,3:10:03.030000,14,11,6,6,25,6,0.6348842371514594,0.28596680098018107,0,93.4,OFF,OFF,OFF,OFF,OFF,OFF,OFF,34.11764705882353,51.937,-256,-256,-256,54.343,51.187,49.625,50.812,54.343,6149,4872,15862,OFF,25W
2025-11-18 16:32:03.467722,3:10:04.030000,18,15,17,17,26,13,0.6345587078074241,0.28596680098018107,0,92.3,OFF,OFF,OFF,OFF,OFF,OFF,OFF,34.11764705882353,52.093,-256,-256,-256,54.406,51.406,49.781,50.968,54.156,6277,4794,15862,OFF,25W
2025-11-18 16:32:04.469368,3:10:05.030000,8,8,13,0,6,26,0.6345930549980545,0.28596680098018107,0,61.7,OFF,OFF,OFF,OFF,OFF,OFF,OFF,34.11764705882353,51.937,-256,-256,-256,54.312,51.468,50.062,51.062,54.312,5767,4762,15375,OFF,25W
2025-11-18 16:32:05.466299,3:10:06.030000,14,14,21,17,19,29,0.6351051869896943,0.28596680098018107,0,95.9,OFF,OFF,OFF,OFF,OFF,OFF,OFF,34.11764705882353,52.625,-256,-256,-256,54.468,51.593,50.187,51.25,54.468,6198,4715,15665,OFF,25W
2025-11-18 16:32:06.473283,3:10:07.030000,11,8,11,7,6,29,0.635169780213865,0.28596680098018107,0,99.6,OFF,OFF,OFF,OFF,OFF,OFF,OFF,34.11764705882353,52.218,-256,-256,-256,54.593,51.75,50.5,51.406,54.593,6080,4794,15586,OFF,25W
2025-11-18 16:32:07.472126,3:10:08.030000,29,15,20,25,16,12,0.6352528286449418,0.28596680098018107,0,99.4,OFF,OFF,OFF,OFF,OFF,OFF,OFF,34.11764705882353,52.781,-256,-256,-256,54.781,51.812,50.562,51.562,54.781,6198,4715,15625,OFF,25W
2025-11-18 16:32:08.473127,3:10:09.030000,14,16,17,9,5,3,0.6351559388086856,0.28596680098018107,0,96.0,OFF,OFF,OFF,OFF,OFF,OFF,OFF,34.11764705882353,52.812,-256,-256,-256,55.093,51.968,50.625,51.656,54.875,5963,4833,15783,OFF,25W
2025-11-18 16:32:09.469661,3:10:10.030000,20,21,13,27,10,12,0.6351805457512268,0.28596680098018107,0,99.8,OFF,OFF,OFF,OFF,OFF,OFF,OFF,34.11764705882353,52.593,-256,-256,-256,55.0,52.125,51.031,51.843,55.0,6080,4715,15586,OFF,25W
2025-11-18 16:32:10.475742,3:10:11.030000,14,11,24,7,4,11,0.6353420288116538,0.28596680098018107,0,99.8,OFF,OFF,OFF,OFF,OFF,OFF,OFF,34.11764705882353,53.156,-256,-256,-256,55.531,52.25,50.937,51.968,55.25,6071,4880,15625,OFF,25W
2025-11-18 16:32:11.474118,3:10:12.030000,21,15,6,20,21,12,0.635689601875049,0.28596680098018107,0,92.3,OFF,OFF,OFF,OFF,OFF,OFF,OFF,34.11764705882353,53.281,-256,-256,-256,55.656,52.625,51.156,52.156,55.656,6306,4754,15783,OFF,25W
2025-11-18 16:32:12.474175,3:10:13.030000,10,6,9,9,24,12,0.6358172503894818,0.28596680098018107,0,96.6,OFF,OFF,OFF,OFF,OFF,OFF,OFF,34.11764705882353,53.281,-256,-256,-256,55.75,52.625,51.406,52.406,55.75,6002,4841,15468,OFF,25W
2025-11-18 16:32:13.474993,3:10:14.040000,15,13,10,16,14,21,0.6358167377448455,0.28596680098018107,0,98.9,OFF,OFF,OFF,OFF,OFF,OFF,OFF,34.11764705882353,53.468,-256,-256,-256,55.781,52.843,51.5,52.5,55.781,6306,4833,15980,OFF,25W
2025-11-18 16:32:14.476064,3:10:15.040000,7,12,10,10,8,13,0.6358167377448455,0.28596680098018107,0,96.4,OFF,OFF,OFF,OFF,OFF,OFF,OFF,37.254901960784316,53.5,-256,-256,-256,56.156,52.906,51.656,52.656,56.156,6120,4801,15389,OFF,25W
2025-11-18 16:32:15.462373,3:10:16.040000,19,11,37,17,17,14,0.6354245645980943,0.28596680098018107,0,99.4,OFF,OFF,OFF,OFF,OFF,OFF,OFF,37.254901960784316,53.875,-256,-256,-256,56.031,53.062,51.75,52.781,56.031,6266,4715,15744,OFF,25W
2025-11-18 16:32:16.480497,3:10:17.040000,10,9,24,11,11,7,0.6354871072437199,0.28596680098018107,0,99.8,OFF,OFF,OFF,OFF,OFF,OFF,OFF,37.254901960784316,53.937,-256,-256,-256,56.062,53.187,51.843,52.875,56.062,5953,4833,15783,OFF,25W
2025-11-18 16:32:17.478478,3:10:18.040000,20,17,39,15,13,18,0.6361068946089777,0.28596680098018107,0,90.2,OFF,OFF,OFF,OFF,OFF,OFF,OFF,37.254901960784316,54.312,-256,-256,-256,56.312,53.437,52.0,53.0,56.312,6120,4636,15572,OFF,25W
2025-11-18 16:32:18.479003,3:10:19.040000,18,10,8,18,3,9,0.6368158821409475,0.2859011821639855,0,96.4,OFF,OFF,OFF,OFF,OFF,OFF,OFF,37.254901960784316,54.031,-256,-256,-256,56.468,53.468,52.093,53.125,56.281,6002,4676,15547,OFF,25W
2025-11-18 16:32:19.468151,3:10:20.040000,15,36,19,12,10,15,0.6377868310820544,0.2859011821639855,0,99.8,OFF,OFF,OFF,OFF,OFF,OFF,OFF,37.254901960784316,54.343,-256,-256,-256,56.625,53.625,52.218,53.312,56.437,6277,4676,15704,OFF,25W
2025-11-18 16:32:20.467527,3:10:21.040000,12,18,9,11,13,12,0.6378878220754008,0.2859011821639855,0,96.6,OFF,OFF,OFF,OFF,OFF,OFF,OFF,37.254901960784316,54.718,-256,-256,-256,56.468,53.718,52.531,53.375,56.781,6120,4683,15192,OFF,25W
2025-11-18 16:32:21.480191,3:10:22.040000,13,9,19,13,22,9,0.6374920604161957,0.2859011821639855,0,99.8,OFF,OFF,OFF,OFF,OFF,OFF,OFF,37.254901960784316,54.343,-256,-256,-256,56.625,53.687,52.593,53.5,56.625,6198,4683,15350,OFF,25W
2025-11-18 16:32:22.485796,3:10:23.040000,9,12,8,11,20,19,0.6375556283510939,0.2859011821639855,0,96.3,OFF,OFF,OFF,OFF,OFF,OFF,OFF,37.254901960784316,54.531,-256,-256,-256,57.031,53.875,52.656,53.468,56.843,5963,4636,15665,OFF,25W
2025-11-18 16:32:23.481889,3:10:24.040000,8,12,8,7,19,7,0.6375863870292705,0.28583556334779,0,95.8,OFF,OFF,OFF,OFF,OFF,OFF,OFF,37.254901960784316,54.656,-256,-256,-256,56.937,53.875,52.718,53.687,56.937,5963,4676,15507,OFF,25W
2025-11-18 16:32:24.484093,3:10:25.050000,6,8,5,6,17,11,0.6377796540571465,0.28583556334779,0,88.8,OFF,OFF,OFF,OFF,OFF,OFF,OFF,37.254901960784316,54.843,-256,-256,-256,57.281,53.968,52.843,53.812,57.281,5845,4605,15138,OFF,25W
2025-11-18 16:32:25.473772,3:10:26.050000,18,12,10,15,5,8,0.6379411371175735,0.28583556334779,0,96.1,OFF,OFF,OFF,OFF,OFF,OFF,OFF,37.254901960784316,55.0,-256,-256,-256,57.125,54.125,53.093,53.906,57.125,6041,4715,15547,OFF,25W
2025-11-18 16:32:26.487095,3:10:27.050000,13,13,7,12,17,12,0.6381800295180782,0.28583556334779,0,96.3,OFF,OFF,OFF,OFF,OFF,OFF,OFF,37.254901960784316,55.281,-256,-256,-256,57.125,54.375,53.281,54.031,57.125,6002,4715,15586,OFF,25W
2025-11-18 16:32:27.487646,3:10:28.050000,12,6,9,6,11,18,0.6383379240660512,0.28583556334779,0,99.8,OFF,OFF,OFF,OFF,OFF,OFF,OFF,37.254901960784316,55.156,-256,-256,-256,57.437,54.5,53.281,54.156,57.437,5924,4715,15547,OFF,25W
2025-11-18 16:32:28.491837,3:10:29.050000,12,5,5,5,9,18,0.6381436317489025,0.28576994453159443,0,96.1,OFF,OFF,OFF,OFF,OFF,OFF,OFF,37.254901960784316,55.187,-256,-256,-256,57.375,54.593,53.437,54.312,57.375,5884,4723,15389,OFF,25W
2025-11-18 16:32:29.490047,3:10:30.050000,5,14,18,7,8,3,0.6382394962958862,0.28576994453159443,0,99.8,OFF,OFF,OFF,OFF,OFF,OFF,OFF,37.254901960784316,55.343,-256,-256,-256,57.75,54.718,53.562,54.343,57.75,5963,4715,15507,OFF,25W
2025-11-18 16:32:30.478005,3:10:31.050000,12,19,9,8,8,2,0.6382251422460704,0.28576994453159443,0,96.6,OFF,OFF,OFF,OFF,OFF,OFF,OFF,40.3921568627451,55.718,-256,-256,-256,57.937,54.781,53.656,54.437,57.687,5963,4715,15547,OFF,25W
2025-11-18 16:32:31.491359,3:10:32.050000,12,17,8,13,8,8,0.638692161509718,0.28576994453159443,0,99.8,OFF,OFF,OFF,OFF,OFF,OFF,OFF,40.3921568627451,55.531,-256,-256,-256,57.968,54.75,53.718,54.593,57.968,5963,4676,15507,OFF,25W
2025-11-18 16:32:32.497972,3:10:33.050000,16,16,11,16,1,1,0.6389172125050432,0.28576994453159443,0,97.3,OFF,OFF,OFF,OFF,OFF,OFF,OFF,40.3921568627451,55.812,-256,-256,-256,57.875,54.906,53.812,54.656,57.875,5992,4754,15547,OFF,25W
2025-11-18 16:32:33.494651,3:10:34.050000,18,12,9,15,1,1,0.6387798237425212,0.28576994453159443,0,97.1,OFF,OFF,OFF,OFF,OFF,OFF,OFF,40.3921568627451,55.812,-256,-256,-256,58.218,54.906,53.812,54.75,58.218,5924,4715,15665,OFF,25W
2025-11-18 16:32:34.493276,3:10:35.060000,12,14,13,5,3,0,0.6388444169666919,0.28576994453159443,0,97.3,OFF,OFF,OFF,OFF,OFF,OFF,OFF,40.3921568627451,55.812,-256,-256,-256,58.093,55.218,54.187,54.906,58.093,5914,4794,15429,OFF,25W
2025-11-18 16:32:35.486272,3:10:36.060000,13,16,9,7,8,3,0.6391022772187388,0.28576994453159443,0,99.7,OFF,OFF,OFF,OFF,OFF,OFF,OFF,40.3921568627451,56.375,-256,-256,-256,58.062,55.187,54.062,54.968,58.062,6002,4715,15704,OFF,25W
2025-11-18 16:32:36.493934,3:10:37.060000,12,20,13,5,8,9,0.6393591121815131,0.28576994453159443,0,97.1,OFF,OFF,OFF,OFF,OFF,OFF,OFF,40.3921568627451,56.218,-256,-256,-256,58.218,55.312,54.187,55.187,58.218,6002,4754,15625,OFF,25W
2025-11-18 16:32:37.497987,3:10:38.060000,15,10,9,14,4,12,0.639087923168923,0.28576994453159443,0,96.3,OFF,OFF,OFF,OFF,OFF,OFF,OFF,40.3921568627451,56.125,-256,-256,-256,58.25,55.5,54.312,55.156,58.25,6002,4715,15547,OFF,25W
2025-11-18 16:32:38.498806,3:10:39.060000,18,13,6,7,4,10,0.6401665274836479,0.28576994453159443,0,99.8,OFF,OFF,OFF,OFF,OFF,OFF,OFF,40.3921568627451,56.343,-256,-256,-256,58.312,55.468,54.375,55.187,58.5,5924,4715,15429,OFF,25W
2025-11-18 16:32:39.499838,3:10:40.060000,8,16,7,6,8,7,0.6402593161628138,0.28576994453159443,0,97.3,OFF,OFF,OFF,OFF,OFF,OFF,OFF,40.3921568627451,56.156,-256,-256,-256,58.625,55.562,54.437,55.25,58.5,5963,4754,15507,OFF,25W
2025-11-18 16:32:40.488904,3:10:41.060000,10,5,7,7,15,11,0.6403239093869847,0.28576994453159443,0,99.7,OFF,OFF,OFF,OFF,OFF,OFF,OFF,40.3921568627451,56.375,-256,-256,-256,58.625,55.687,54.5,55.468,58.625,5992,4754,15665,OFF,25W
2025-11-18 16:32:41.498380,3:10:42.060000,17,12,6,11,8,0,0.6404802660010489,0.28576994453159443,0,96.9,OFF,OFF,OFF,OFF,OFF,OFF,OFF,40.3921568627451,56.5,-256,-256,-256,58.531,55.75,54.718,55.468,58.781,5953,4801,15429,OFF,25W
2025-11-18 16:32:42.501076,3:10:43.060000,15,10,18,12,8,2,0.640543833935947,0.28576994453159443,0,99.5,OFF,OFF,OFF,OFF,OFF,OFF,OFF,40.3921568627451,56.625,-256,-256,-256,58.75,55.875,54.812,55.625,58.75,6041,4715,15468,OFF,25W
2025-11-18 16:32:43.504571,3:10:44.060000,11,20,10,8,7,2,0.6404125969090604,0.2857043257153989,0,99.8,OFF,OFF,OFF,OFF,OFF,OFF,OFF,40.3921568627451,56.656,-256,-256,-256,58.781,56.0,54.968,55.718,58.781,5963,4715,15547,OFF,25W
2025-11-18 16:32:44.507527,3:10:45.060000,11,10,10,16,8,5,0.640374661205976,0.2857043257153989,0,99.6,OFF,OFF,OFF,OFF,OFF,OFF,OFF,40.3921568627451,56.625,-256,-256,-256,58.656,56.0,55.0,55.812,58.656,5924,4715,15507,OFF,25W
2025-11-18 16:32:45.508679,3:10:46.070000,20,21,14,12,7,5,0.6419930803226995,0.2857043257153989,0,97.3,OFF,OFF,OFF,OFF,OFF,OFF,OFF,40.3921568627451,56.625,-256,-256,-256,58.843,56.093,55.062,55.843,59.0,5806,4597,15257,OFF,25W
2025-11-18 16:32:46.512212,3:10:47.070000,16,12,13,12,8,4,0.6422837498314681,0.2857043257153989,0,97.3,OFF,OFF,OFF,OFF,OFF,OFF,OFF,40.3921568627451,56.75,-256,-256,-256,59.093,56.093,55.062,55.781,58.937,5924,4715,15507,OFF,25W
2025-11-18 16:32:47.509533,3:10:48.070000,18,7,14,9,10,5,0.6422827245421955,0.2857043257153989,0,95.5,OFF,OFF,OFF,OFF,OFF,OFF,OFF,40.3921568627451,56.781,-256,-256,-256,59.093,56.25,55.093,55.937,59.25,5924,4715,15507,OFF,25W
2025-11-18 16:32:48.512328,3:10:49.070000,12,14,14,10,9,5,0.6423796143784517,0.2857043257153989,0,99.0,OFF,OFF,OFF,OFF,OFF,OFF,OFF,40.3921568627451,57.093,-256,-256,-256,59.218,56.312,55.187,56.031,59.125,5914,4715,15547,OFF,25W
2025-11-18 16:32:49.512655,3:10:50.070000,9,5,12,16,17,14,0.6428399692618276,0.2857043257153989,0,96.3,OFF,OFF,OFF,OFF,OFF,OFF,OFF,40.3921568627451,57.187,-256,-256,-256,59.218,56.375,55.218,56.125,59.437,5845,4676,15350,OFF,25W
2025-11-18 16:32:50.510508,3:10:51.070000,28,14,7,4,5,10,0.6426205573575015,0.2857043257153989,0,99.3,OFF,OFF,OFF,OFF,OFF,OFF,OFF,40.3921568627451,57.25,-256,-256,-256,59.468,56.5,55.25,56.187,59.468,5884,4715,15389,OFF,25W
2025-11-18 16:32:51.512821,3:10:52.070000,11,11,14,14,15,13,0.6427123207473948,0.2857043257153989,0,96.2,OFF,OFF,OFF,OFF,OFF,OFF,OFF,40.3921568627451,57.25,-256,-256,-256,59.531,56.687,55.562,56.25,59.531,5845,4676,15468,OFF,25W
2025-11-18 16:32:52.512427,3:10:53.070000,14,11,20,23,8,4,0.6430424638931567,0.2857043257153989,0,94.3,OFF,OFF,OFF,OFF,OFF,OFF,OFF,40.3921568627451,57.25,-256,-256,-256,59.75,56.625,55.5,56.281,59.75,6002,4676,15389,OFF,25W
2025-11-18 16:32:53.514508,3:10:54.070000,18,7,20,9,8,1,0.643232655053215,0.2857043257153989,0,99.3,OFF,OFF,OFF,OFF,OFF,OFF,OFF,40.3921568627451,57.343,-256,-256,-256,59.468,56.718,55.593,56.5,59.781,5806,4676,15350,OFF,25W
2025-11-18 16:32:54.519903,3:10:55.070000,12,19,6,24,8,0,0.6432972482773859,0.2857043257153989,0,98.9,OFF,OFF,OFF,OFF,OFF,OFF,OFF,43.529411764705884,57.281,-256,-256,-256,59.5,56.781,55.593,56.5,59.5,5727,4636,15192,OFF,25W
2025-11-18 16:32:55.517308,3:10:56.080000,28,12,23,23,13,8,0.6395903149124736,0.2857043257153989,0,99.8,OFF,OFF,OFF,OFF,OFF,OFF,OFF,43.529411764705884,57.437,-256,-256,-256,59.625,56.781,55.75,56.562,59.625,5924,4597,15507,OFF,25W
2025-11-18 16:32:56.518562,3:10:57.080000,11,10,23,22,8,3,0.6402987897998071,0.2857043257153989,0,99.8,OFF,OFF,OFF,OFF,OFF,OFF,OFF,43.529411764705884,57.687,-256,-256,-256,59.625,56.843,55.781,56.531,59.625,6071,4754,15429,OFF,25W
2025-11-18 16:32:57.514211,3:10:58.080000,15,35,16,10,11,4,0.640320833519167,0.2857043257153989,0,92.6,OFF,OFF,OFF,OFF,OFF,OFF,OFF,43.529411764705884,57.812,-256,-256,-256,60.093,56.968,55.906,56.781,59.937,6384,4825,16216,OFF,25W
2025-11-18 16:32:58.518233,3:10:59.080000,25,15,11,20,13,11,0.6406089398047542,0.2857043257153989,0,97.9,OFF,OFF,OFF,OFF,OFF,OFF,OFF,43.529411764705884,57.75,-256,-256,-256,59.906,57.125,55.968,56.781,59.906,5992,4754,15468,OFF,25W
2025-11-18 16:32:59.523016,3:11:00.080000,23,26,16,17,35,16,0.6424211385939901,0.2857043257153989,0,99.8,OFF,OFF,OFF,OFF,OFF,OFF,OFF,43.529411764705884,57.937,-256,-256,-256,60.0,57.218,55.906,56.781,60.0,5806,4408,14744,OFF,25W
2025-11-18 16:33:00.518433,3:11:01.080000,23,18,21,12,18,20,0.6428927716593641,0.2857043257153989,0,99.7,OFF,OFF,OFF,OFF,OFF,OFF,OFF,43.529411764705884,57.781,-256,-256,-256,60.093,57.062,55.937,57.0,60.093,6110,4636,15429,OFF,25W
2025-11-18 16:33:01.522385,3:11:02.080000,13,12,8,16,20,4,0.6430619443893352,0.2857043257153989,0,99.3,OFF,OFF,OFF,OFF,OFF,OFF,OFF,43.529411764705884,57.843,-256,-256,-256,60.312,57.25,56.281,57.031,60.312,5953,4715,15665,OFF,25W
2025-11-18 16:33:02.527200,3:11:03.080000,20,22,22,20,18,13,0.6437586284500343,0.2857043257153989,0,99.3,OFF,OFF,OFF,OFF,OFF,OFF,OFF,43.529411764705884,57.843,-256,-256,-256,60.093,57.281,56.343,57.062,60.375,6080,4597,15586,OFF,25W
2025-11-18 16:33:03.525329,3:11:04.080000,24,18,10,16,1,2,0.6438550056416542,0.2857043257153989,0,99.8,OFF,OFF,OFF,OFF,OFF,OFF,OFF,43.529411764705884,58.0,-256,-256,-256,60.468,57.312,56.25,57.156,60.468,6002,4636,15704,OFF,25W
2025-11-18 16:33:04.525801,3:11:05.080000,33,13,8,7,4,3,0.6439195988658251,0.2857043257153989,0,94.4,OFF,OFF,OFF,OFF,OFF,OFF,OFF,43.529411764705884,58.218,-256,-256,-256,60.406,57.312,56.218,57.156,60.406,6149,4794,15625,OFF,25W
2025-11-18 16:33:05.526434,3:11:06.090000,34,29,26,27,26,41,0.6427153966152125,0.2857043257153989,0,96.5,OFF,OFF,OFF,OFF,OFF,OFF,OFF,43.529411764705884,58.312,-256,-256,-256,60.218,57.437,56.343,57.281,60.218,6345,4833,15993,OFF,25W
2025-11-18 16:33:06.529896,3:11:07.090000,12,14,23,10,23,4,0.6433746576174636,0.2857043257153989,0,99.4,OFF,OFF,OFF,OFF,OFF,OFF,OFF,43.529411764705884,58.281,-256,-256,-256,60.5,57.562,56.375,57.281,60.5,6110,4676,15665,OFF,25W
2025-11-18 16:33:07.529367,3:11:08.090000,18,17,19,15,17,37,0.6431983078625846,0.2857043257153989,0,92.1,OFF,OFF,OFF,OFF,OFF,OFF,OFF,43.529411764705884,58.281,-256,-256,-256,60.281,57.593,56.468,57.25,60.281,5992,4597,15350,OFF,25W
2025-11-18 16:33:08.531278,3:11:09.090000,13,12,12,6,1,26,0.643221376871217,0.2857043257153989,0,99.8,OFF,OFF,OFF,OFF,OFF,OFF,OFF,43.529411764705884,58.187,-256,-256,-256,60.531,57.718,56.656,57.406,60.531,5953,4754,15625,OFF,25W
2025-11-18 16:33:09.530728,3:11:10.090000,9,9,9,10,4,29,0.6432259906729435,0.2857043257153989,0,96.4,OFF,OFF,OFF,OFF,OFF,OFF,OFF,43.529411764705884,58.25,-256,-256,-256,60.468,57.625,56.625,57.5,60.468,5914,4715,15625,OFF,25W
2025-11-18 16:33:10.532664,3:11:11.090000,18,18,14,24,13,21,0.6425477618191503,0.2857043257153989,0,96.1,OFF,OFF,OFF,OFF,OFF,OFF,OFF,43.529411764705884,58.437,-256,-256,-256,60.718,57.718,56.656,57.5,60.718,6110,4683,15232,OFF,25W
2025-11-18 16:33:11.533988,3:11:12.090000,12,28,12,13,2,2,0.6424503593382578,0.2857043257153989,0,93.7,OFF,OFF,OFF,OFF,OFF,OFF,OFF,43.529411764705884,58.593,-256,-256,-256,60.625,57.687,56.718,57.593,60.625,5943,4872,15783,OFF,25W
2025-11-18 16:33:12.535217,3:11:13.090000,22,27,21,30,18,11,0.6428010082694706,0.2857043257153989,0,96.5,OFF,OFF,OFF,OFF,OFF,OFF,OFF,43.529411764705884,58.656,-256,-256,-256,60.906,57.843,56.687,57.562,60.906,5953,4715,15625,OFF,25W
2025-11-18 16:33:13.536371,3:11:14.090000,13,9,11,6,25,12,0.6444081492041961,0.2857043257153989,0,99.8,OFF,OFF,OFF,OFF,OFF,OFF,OFF,43.529411764705884,58.718,-256,-256,-256,60.75,57.75,56.718,57.656,60.75,6031,4715,15547,OFF,25W
2025-11-18 16:33:14.539062,3:11:15.090000,21,13,16,22,25,13,0.6444722297837306,0.2857043257153989,0,99.8,OFF,OFF,OFF,OFF,OFF,OFF,OFF,43.529411764705884,58.812,-256,-256,-256,60.531,58.062,56.781,57.593,60.531,6080,4636,15389,OFF,25W
2025-11-18 16:33:15.533866,3:11:16.100000,28,11,15,11,0,2,0.6441820729195984,0.2857043257153989,0,93.0,OFF,OFF,OFF,OFF,OFF,OFF,OFF,43.529411764705884,59.125,-256,-256,-256,61.031,58.031,57.0,57.812,60.906,6384,4825,16229,OFF,25W
2025-11-18 16:33:16.537792,3:11:17.100000,24,16,22,10,13,21,0.6443112593679399,0.2857043257153989,0,99.8,OFF,OFF,OFF,OFF,OFF,OFF,OFF,43.529411764705884,58.781,-256,-256,-256,60.843,58.093,57.125,57.781,60.812,6110,4754,15586,OFF,25W
2025-11-18 16:33:17.536146,3:11:18.100000,21,13,15,20,17,37,0.6437991273763002,0.2857043257153989,0,99.7,OFF,OFF,OFF,OFF,OFF,OFF,OFF,43.529411764705884,58.718,-256,-256,-256,60.812,58.125,57.125,57.875,60.812,6227,4636,15586,OFF,25W
2025-11-18 16:33:18.540669,3:11:19.100000,16,11,16,8,14,2,0.6438908907661935,0.2857043257153989,0,97.0,OFF,OFF,OFF,OFF,OFF,OFF,OFF,43.529411764705884,58.937,-256,-256,-256,61.062,58.218,57.0,57.937,61.062,5914,4754,15429,OFF,25W
2025-11-18 16:33:19.541853,3:11:20.100000,8,12,9,7,2,28,0.6437934882853011,0.2857043257153989,0,96.1,OFF,OFF,OFF,OFF,OFF,OFF,OFF,43.529411764705884,58.718,-256,-256,-256,61.187,58.187,57.062,57.937,61.187,6110,4754,15404,OFF,25W
2025-11-18 16:33:20.544085,3:11:21.100000,24,13,12,17,20,33,0.641875172056356,0.2857043257153989,0,99.7,OFF,OFF,OFF,OFF,OFF,OFF,OFF,43.529411764705884,58.906,-256,-256,-256,61.125,58.156,57.062,57.968,61.125,5963,4479,15153,OFF,25W
2025-11-18 16:33:21.543340,3:11:22.100000,11,15,11,8,8,23,0.6431439675311393,0.2857043257153989,0,99.7,OFF,OFF,OFF,OFF,OFF,OFF,OFF,43.529411764705884,59.062,-256,-256,-256,61.187,58.437,57.125,58.0,61.187,6277,4401,15350,OFF,25W
2025-11-18 16:33:22.545099,3:11:23.100000,18,16,13,10,18,2,0.6436914720026822,0.2857043257153989,0,99.3,OFF,OFF,OFF,OFF,OFF,OFF,OFF,43.529411764705884,59.062,-256,-256,-256,61.5,58.437,57.156,58.0,61.187,6149,4754,15625,OFF,25W
2025-11-18 16:33:23.541966,3:11:24.100000,19,17,15,20,24,22,0.6453519279795803,0.2857043257153989,0,96.6,OFF,OFF,OFF,OFF,OFF,OFF,OFF,43.529411764705884,59.062,-256,-256,-256,61.156,58.437,57.437,58.218,61.156,6080,4676,15586,OFF,25W
2025-11-18 16:33:24.546375,3:11:25.100000,15,16,20,26,11,28,0.6457712712920541,0.2857043257153989,0,96.2,OFF,OFF,OFF,OFF,OFF,OFF,OFF,43.529411764705884,59.031,-256,-256,-256,61.187,58.437,57.406,58.218,61.187,5992,4715,15429,OFF,25W
2025-11-18 16:33:25.548062,3:11:26.110000,10,11,7,14,6,22,0.6464766703115701,0.2857043257153989,0,92.7,OFF,OFF,OFF,OFF,OFF,OFF,OFF,43.529411764705884,59.218,-256,-256,-256,61.125,58.625,57.437,58.218,61.0,6071,4715,15665,OFF,25W
2025-11-18 16:33:26.547626,3:11:27.110000,14,12,19,27,13,14,0.646862691722686,0.2857043257153989,0,96.7,OFF,OFF,OFF,OFF,OFF,OFF,OFF,43.529411764705884,59.125,-256,-256,-256,61.406,58.593,57.531,58.25,61.406,5875,4754,15586,OFF,25W
2025-11-18 16:33:27.548578,3:11:28.110000,24,14,19,14,18,33,0.6447531590444099,0.2857043257153989,0,99.0,OFF,OFF,OFF,OFF,OFF,OFF,OFF,43.529411764705884,59.281,-256,-256,-256,61.343,58.625,57.625,58.375,61.343,6110,4636,15586,OFF,25W
2025-11-18 16:33:28.547280,3:11:29.110000,8,4,7,11,25,6,0.645134054009163,0.2857043257153989,0,94.1,OFF,OFF,OFF,OFF,OFF,OFF,OFF,43.529411764705884,59.25,-256,-256,-256,61.468,58.531,57.5,58.312,61.468,5904,4833,15822,OFF,25W
2025-11-18 16:33:29.549359,3:11:30.110000,23,12,16,16,30,18,0.6446024415213447,0.2857043257153989,0,99.2,OFF,OFF,OFF,OFF,OFF,OFF,OFF,43.529411764705884,59.625,-256,-256,-256,61.562,58.625,57.562,58.375,61.562,6110,4636,15625,OFF,25W
2025-11-18 16:33:30.548469,3:11:31.110000,5,13,13,4,0,27,0.646055276420551,0.2857043257153989,0,99.4,OFF,OFF,OFF,OFF,OFF,OFF,OFF,46.666666666666664,59.468,-256,-256,-256,61.562,58.812,57.593,58.406,61.562,6198,4636,15744,OFF,25W
2025-11-18 16:33:31.552705,3:11:32.110000,23,14,15,15,19,24,0.6464387346084856,0.2857043257153989,0,96.5,OFF,OFF,OFF,OFF,OFF,OFF,OFF,46.666666666666664,59.5,-256,-256,-256,61.781,58.937,57.5,58.562,61.781,6080,4636,15625,OFF,25W
2025-11-18 16:33:32.549968,3:11:33.110000,19,28,17,18,18,12,0.6469195952773126,0.2857043257153989,0,96.2,OFF,OFF,OFF,OFF,OFF,OFF,OFF,46.666666666666664,59.406,-256,-256,-256,61.625,58.843,57.843,58.625,61.625,6080,4597,15704,OFF,25W
2025-11-18 16:33:33.548399,3:11:34.110000,18,12,18,13,11,32,0.6468227054410564,0.2857043257153989,0,99.8,OFF,OFF,OFF,OFF,OFF,OFF,OFF,46.666666666666664,59.375,-256,-256,-256,61.5,58.875,57.781,58.593,61.343,6110,4597,15625,OFF,25W
2025-11-18 16:33:34.553255,3:11:35.110000,13,10,7,12,5,20,0.6484216440616014,0.2857043257153989,0,90.8,OFF,OFF,OFF,OFF,OFF,OFF,OFF,46.666666666666664,59.406,-256,-256,-256,61.5,58.812,57.843,58.531,61.5,6002,4597,15389,OFF,25W
2025-11-18 16:33:35.553092,3:11:36.110000,17,15,9,22,15,29,0.6482540092655391,0.2857043257153989,0,99.7,OFF,OFF,OFF,OFF,OFF,OFF,OFF,46.666666666666664,59.656,-256,-256,-256,61.562,58.812,57.75,58.656,61.562,6110,4558,15389,OFF,25W
2025-11-18 16:33:36.556861,3:11:37.120000,15,4,13,9,21,9,0.6483155266218923,0.2857043257153989,0,99.8,OFF,OFF,OFF,OFF,OFF,OFF,OFF,46.666666666666664,59.531,-256,-256,-256,61.781,58.843,57.781,58.718,61.781,6071,4676,15311,OFF,25W
2025-11-18 16:33:37.556485,3:11:38.120000,20,18,15,20,22,27,0.6489547944833285,0.2857043257153989,0,96.4,OFF,OFF,OFF,OFF,OFF,OFF,OFF,46.666666666666664,59.843,-256,-256,-256,61.625,58.875,57.812,58.656,61.625,6110,4676,15429,OFF,25W
2025-11-18 16:33:38.558796,3:11:39.120000,13,9,8,4,3,25,0.6490183624182267,0.2857043257153989,0,99.8,OFF,OFF,OFF,OFF,OFF,OFF,OFF,46.666666666666664,59.75,-256,-256,-256,61.843,58.875,57.843,58.718,61.843,6031,4754,15468,OFF,25W
2025-11-18 16:33:39.564564,3:11:40.120000,11,11,6,5,26,9,0.6490445072946769,0.2857043257153989,0,99.8,OFF,OFF,OFF,OFF,OFF,OFF,OFF,46.666666666666664,59.625,-256,-256,-256,61.656,59.156,57.906,58.656,61.656,5992,4676,15429,OFF,25W
2025-11-18 16:33:40.563889,3:11:41.120000,6,8,9,7,34,2,0.6491039740724849,0.2857043257153989,0,99.8,OFF,OFF,OFF,OFF,OFF,OFF,OFF,46.666666666666664,59.718,-256,-256,-256,61.968,59.156,57.875,58.75,61.968,6031,4794,15862,OFF,25W
2025-11-18 16:33:41.563968,3:11:42.120000,12,10,30,10,10,8,0.6492008639087411,0.2857043257153989,0,96.9,OFF,OFF,OFF,OFF,OFF,OFF,OFF,46.666666666666664,59.75,-256,-256,-256,61.843,59.093,58.125,58.906,61.843,6031,4794,15744,OFF,25W
2025-11-18 16:33:42.564410,3:11:43.120000,16,26,12,15,4,5,0.649371574572621,0.2857043257153989,0,99.8,OFF,OFF,OFF,OFF,OFF,OFF,OFF,46.666666666666664,59.687,-256,-256,-256,61.781,59.156,58.062,58.906,61.781,6149,4794,15796,OFF,25W
2025-11-18 16:33:43.565908,3:11:44.120000,19,33,21,20,11,10,0.6505527078146011,0.2857043257153989,0,99.8,OFF,OFF,OFF,OFF,OFF,OFF,OFF,46.666666666666664,59.656,-256,-256,-256,61.812,59.125,58.125,58.937,61.812,5963,4636,15350,OFF,25W
2025-11-18 16:33:44.574101,3:11:45.120000,18,12,7,12,14,37,0.6481858275289144,0.2857043257153989,0,99.8,OFF,OFF,OFF,OFF,OFF,OFF,OFF,46.666666666666664,60.031,-256,-256,-256,61.937,59.156,57.968,58.906,61.937,6306,4676,15757,OFF,25W
2025-11-18 16:33:45.565806,3:11:46.120000,6,12,14,5,7,19,0.6491249925025722,0.2857043257153989,0,96.5,OFF,OFF,OFF,OFF,OFF,OFF,OFF,46.666666666666664,60.0,-256,-256,-256,61.968,59.156,58.062,59.0,61.968,5992,4754,15350,OFF,25W
2025-11-18 16:33:46.565344,3:11:47.130000,17,22,13,15,11,42,0.6494315539950652,0.2857043257153989,0,99.7,OFF,OFF,OFF,OFF,OFF,OFF,OFF,46.666666666666664,60.062,-256,-256,-256,62.062,59.093,58.062,58.906,61.875,6149,4636,15586,OFF,25W
2025-11-18 16:33:47.566069,3:11:48.130000,19,9,8,5,8,21,0.6497499063141927,0.2857043257153989,0,93.5,OFF,OFF,OFF,OFF,OFF,OFF,OFF,46.666666666666664,59.968,-256,-256,-256,62.062,59.281,58.093,59.093,62.218,6071,4747,16019,OFF,25W
2025-11-18 16:33:48.566935,3:11:49.130000,13,16,18,15,19,33,0.6480263950470326,0.2857043257153989,0,99.8,OFF,OFF,OFF,OFF,OFF,OFF,OFF,46.666666666666664,60.0,-256,-256,-256,61.937,59.343,58.062,59.187,61.937,6345,4715,15822,OFF,25W
2025-11-18 16:33:49.568814,3:11:50.130000,9,13,10,8,5,23,0.6486190122465677,0.2857043257153989,0,99.1,OFF,OFF,OFF,OFF,OFF,OFF,OFF,46.666666666666664,60.0,-256,-256,-256,62.125,59.343,58.281,59.093,62.343,5992,4754,15744,OFF,25W
2025-11-18 16:33:50.556919,3:11:51.130000,12,11,16,12,16,33,0.6503414982244553,0.2857043257153989,0,93.4,OFF,OFF,OFF,OFF,OFF,OFF,OFF,46.666666666666664,60.187,-256,-256,-256,62.406,59.468,58.156,59.187,62.406,6334,4754,15862,OFF,25W
2025-11-18 16:33:51.568878,3:11:52.130000,16,13,11,8,15,23,0.6506270412868611,0.2857043257153989,0,93.7,OFF,OFF,OFF,OFF,OFF,OFF,OFF,46.666666666666664,60.0,-256,-256,-256,62.125,59.343,58.312,59.187,62.125,6031,4676,15468,OFF,25W
2025-11-18 16:33:52.570232,3:11:53.130000,10,14,12,10,2,19,0.6517271766763095,0.2857043257153989,0,96.7,OFF,OFF,OFF,OFF,OFF,OFF,OFF,46.666666666666664,59.906,-256,-256,-256,62.0,59.406,58.281,59.187,62.0,5914,4754,15311,OFF,25W
2025-11-18 16:33:53.571800,3:11:54.130000,12,7,7,8,1,18,0.6517589606437586,0.2857043257153989,0,99.8,OFF,OFF,OFF,OFF,OFF,OFF,OFF,46.666666666666664,60.281,-256,-256,-256,62.125,59.343,58.375,59.156,62.125,5875,4794,15625,OFF,25W
2025-11-18 16:33:54.574320,3:11:55.130000,12,5,3,9,18,2,0.6518235538679295,0.2857043257153989,0,99.8,OFF,OFF,OFF,OFF,OFF,OFF,OFF,46.666666666666664,60.187,-256,-256,-256,62.218,59.437,58.312,59.156,62.218,5914,4754,15507,OFF,25W
2025-11-18 16:33:55.573440,3:11:56.130000,17,5,7,4,10,10,0.6520768003182498,0.2857043257153989,0,99.8,OFF,OFF,OFF,OFF,OFF,OFF,OFF,46.666666666666664,60.187,-256,-256,-256,62.343,59.625,58.406,59.218,62.343,5953,4715,15586,OFF,25W
2025-11-18 16:33:56.574866,3:11:57.140000,16,7,11,22,1,6,0.652236745444768,0.2857043257153989,0,99.8,OFF,OFF,OFF,OFF,OFF,OFF,OFF,46.666666666666664,60.187,-256,-256,-256,62.281,59.593,58.593,59.437,62.281,6031,4754,15744,OFF,25W
2025-11-18 16:33:57.575010,3:11:58.140000,24,17,10,7,9,5,0.6522998007350299,0.2857043257153989,0,99.3,OFF,OFF,OFF,OFF,OFF,OFF,OFF,46.666666666666664,60.187,-256,-256,-256,62.437,59.562,58.593,59.375,62.437,5914,4715,15625,OFF,25W
2025-11-18 16:33:58.576710,3:11:59.140000,4,11,7,3,17,23,0.6522341822215866,0.2857043257153989,0,98.9,OFF,OFF,OFF,OFF,OFF,OFF,OFF,46.666666666666664,60.093,-256,-256,-256,62.218,59.625,58.5,59.312,62.218,5767,4676,15232,OFF,25W
2025-11-18 16:33:59.578237,3:12:00.140000,6,9,8,11,30,6,0.6533558486857586,0.2857043257153989,0,99.4,OFF,OFF,OFF,OFF,OFF,OFF,OFF,46.666666666666664,60.156,-256,-256,-256,62.375,59.5,58.5,59.343,62.375,5836,4715,15507,OFF,25W
2025-11-18 16:34:00.582172,3:12:01.140000,12,10,7,4,22,5,0.650415319052079,0.2857043257153989,0,99.4,OFF,OFF,OFF,OFF,OFF,OFF,OFF,46.666666666666664,60.218,-256,-256,-256,62.343,59.5,58.468,59.375,62.343,5836,4715,15350,OFF,25W
2025-11-18 16:34:01.578332,3:12:02.140000,11,7,9,6,26,3,0.6510443340207898,0.2857043257153989,0,99.3,OFF,OFF,OFF,OFF,OFF,OFF,OFF,46.666666666666664,60.343,-256,-256,-256,62.656,59.593,58.562,59.343,62.656,5836,4715,15389,OFF,25W
2025-11-18 16:34:02.580835,3:12:03.140000,17,6,8,9,3,24,0.6513016816282003,0.2857043257153989,0,96.5,OFF,OFF,OFF,OFF,OFF,OFF,OFF,46.666666666666664,60.468,-256,-256,-256,62.343,59.562,58.5,59.343,62.343,5875,4715,15429,OFF,25W
2025-11-18 16:34:03.583180,3:12:04.140000,11,7,8,7,1,29,0.6513985714644566,0.2857043257153989,0,97.8,OFF,OFF,OFF,OFF,OFF,OFF,OFF,46.666666666666664,60.406,-256,-256,-256,62.343,59.687,58.5,59.437,62.343,5953,4754,15547,OFF,25W
2025-11-18 16:34:04.582920,3:12:05.140000,12,7,6,6,2,25,0.6513339782402857,0.2857043257153989,0,99.4,OFF,OFF,OFF,OFF,OFF,OFF,OFF,46.666666666666664,60.312,-256,-256,-256,62.468,59.75,58.562,59.5,62.468,5953,4715,15429,OFF,25W
2025-11-18 16:34:05.583720,3:12:06.140000,11,8,6,3,31,4,0.6514631646886273,0.2857043257153989,0,99.4,OFF,OFF,OFF,OFF,OFF,OFF,OFF,46.666666666666664,60.312,-256,-256,-256,62.343,59.687,58.75,59.468,62.343,5757,4676,15232,OFF,25W
2025-11-18 16:34:06.589328,3:12:07.140000,8,13,9,9,25,17,0.6525212632179012,0.2857043257153989,0,93.7,OFF,OFF,OFF,OFF,OFF,OFF,OFF,46.666666666666664,60.531,-256,-256,-256,62.593,59.75,58.75,59.531,62.593,5992,4747,15822,OFF,25W
2025-11-18 16:34:07.587413,3:12:08.150000,14,15,33,11,8,9,0.6522552006516739,0.2857043257153989,0,99.7,OFF,OFF,OFF,OFF,OFF,OFF,OFF,46.666666666666664,60.375,-256,-256,-256,62.5,59.687,58.687,59.5,62.5,5992,4754,15586,OFF,25W
2025-11-18 16:34:08.585768,3:12:09.150000,23,12,28,8,2,7,0.6523572169342928,0.2857043257153989,0,99.4,OFF,OFF,OFF,OFF,OFF,OFF,OFF,46.666666666666664,60.687,-256,-256,-256,62.468,59.75,58.75,59.531,62.468,5953,4715,15468,OFF,25W
2025-11-18 16:34:09.599858,3:12:10.150000,15,20,19,32,12,10,0.652307490404574,0.28563870689920334,0,96.8,OFF,OFF,OFF,OFF,OFF,OFF,OFF,46.666666666666664,60.625,-256,-256,-256,62.687,59.718,58.781,59.656,62.687,6188,4786,16019,OFF,25W
2025-11-18 16:34:10.588952,3:12:11.150000,14,17,21,17,21,29,0.6524279618940989,0.28563870689920334,0,94.0,OFF,OFF,OFF,OFF,OFF,OFF,OFF,46.666666666666664,60.625,-256,-256,-256,62.625,60.0,58.718,59.562,62.843,6110,4754,15704,OFF,25W
2025-11-18 16:34:11.588465,3:12:12.150000,19,19,15,16,14,42,0.6520429657722556,0.28563870689920334,0,99.8,OFF,OFF,OFF,OFF,OFF,OFF,OFF,46.666666666666664,60.625,-256,-256,-256,62.593,59.906,58.781,59.656,62.593,6188,4597,15586,OFF,25W
2025-11-18 16:34:12.590664,3:12:13.150000,11,10,12,7,21,9,0.6521331912282402,0.28563870689920334,0,96.1,OFF,OFF,OFF,OFF,OFF,OFF,OFF,46.666666666666664,60.593,-256,-256,-256,62.625,60.031,58.812,59.812,62.625,6237,4668,15718,OFF,25W
2025-11-18 16:34:13.590708,3:12:14.150000,19,19,13,13,27,23,0.6533281658753997,0.28563870689920334,0,99.8,OFF,OFF,OFF,OFF,OFF,OFF,OFF,46.666666666666664,60.5,-256,-256,-256,62.468,59.937,58.937,59.656,62.656,6120,4636,15389,OFF,25W
2025-11-18 16:34:14.578691,3:12:15.150000,14,18,9,9,15,35,0.6529934089279114,0.28563870689920334,0,99.7,OFF,OFF,OFF,OFF,OFF,OFF,OFF,46.666666666666664,60.937,-256,-256,-256,62.781,60.062,58.781,59.875,62.781,6295,4747,16137,OFF,25W
2025-11-18 16:34:15.593935,3:12:16.150000,8,10,13,38,4,6,0.6530580021520822,0.28563870689920334,0,97.3,OFF,OFF,OFF,OFF,OFF,OFF,OFF,46.666666666666664,60.625,-256,-256,-256,62.687,60.0,59.0,59.781,62.843,6149,4715,15639,OFF,25W
2025-11-18 16:34:16.599170,3:12:17.150000,14,7,24,12,4,4,0.6532512691799582,0.28563870689920334,0,99.7,OFF,OFF,OFF,OFF,OFF,OFF,OFF,46.666666666666664,60.5,-256,-256,-256,62.656,59.968,58.937,59.781,62.656,6002,4597,15429,OFF,25W
2025-11-18 16:34:17.594493,3:12:18.160000,18,20,30,24,15,11,0.6536634354675243,0.28563870689920334,0,99.2,OFF,OFF,OFF,OFF,OFF,OFF,OFF,46.666666666666664,60.687,-256,-256,-256,62.718,59.968,58.937,59.75,62.843,6071,4636,15665,OFF,25W
2025-11-18 16:34:18.595566,3:12:19.160000,10,10,20,13,4,8,0.6537229022453322,0.28563870689920334,0,99.8,OFF,OFF,OFF,OFF,OFF,OFF,OFF,46.666666666666664,60.875,-256,-256,-256,63.031,60.187,58.937,59.843,63.031,6110,4747,15940,OFF,25W
2025-11-18 16:34:19.597992,3:12:20.160000,8,11,9,9,16,19,0.6537551988574176,0.28563870689920334,0,96.4,OFF,OFF,OFF,OFF,OFF,OFF,OFF,46.666666666666664,60.906,-256,-256,-256,62.718,60.187,58.937,59.781,62.718,6071,4707,15665,OFF,25W
2025-11-18 16:34:20.598605,3:12:21.160000,15,18,14,15,14,34,0.6545749176308231,0.2855730880830078,0,96.9,OFF,OFF,OFF,OFF,OFF,OFF,OFF,46.666666666666664,60.687,-256,-256,-256,63.062,60.281,58.968,59.843,62.781,5914,4715,15153,OFF,25W
2025-11-18 16:34:21.600040,3:12:22.160000,18,21,15,17,21,27,0.6547322995341598,0.2855730880830078,0,96.1,OFF,OFF,OFF,OFF,OFF,OFF,OFF,46.666666666666664,60.687,-256,-256,-256,62.906,60.187,59.0,59.875,62.718,6031,4676,15547,OFF,25W
2025-11-18 16:34:22.600768,3:12:23.160000,15,14,8,10,11,23,0.6545779934986408,0.2855730880830078,0,99.3,OFF,OFF,OFF,OFF,OFF,OFF,OFF,46.666666666666664,60.75,-256,-256,-256,62.906,60.093,59.156,59.937,62.906,6110,4794,15783,OFF,25W
2025-11-18 16:34:23.600495,3:12:24.160000,17,17,16,14,11,37,0.6548189364776905,0.2855730880830078,0,96.1,OFF,OFF,OFF,OFF,OFF,OFF,OFF,46.666666666666664,60.781,-256,-256,-256,62.843,60.187,59.187,59.937,62.843,5992,4715,15586,OFF,25W
2025-11-18 16:34:24.605332,3:12:25.160000,17,14,16,13,14,35,0.6549142883800378,0.2855730880830078,0,99.8,OFF,OFF,OFF,OFF,OFF,OFF,OFF,46.666666666666664,60.843,-256,-256,-256,62.968,60.156,59.156,60.0,62.968,6071,4558,15429,OFF,25W
2025-11-18 16:34:25.604840,3:12:26.160000,9,8,9,5,0,29,0.6549137757354015,0.2855730880830078,0,99.8,OFF,OFF,OFF,OFF,OFF,OFF,OFF,46.666666666666664,60.968,-256,-256,-256,62.968,60.281,59.156,59.937,62.968,6110,4707,15679,OFF,25W
2025-11-18 16:34:26.597797,3:12:27.160000,9,10,10,7,36,16,0.6552075211119878,0.2855730880830078,0,92.7,OFF,OFF,OFF,OFF,OFF,OFF,OFF,46.666666666666664,61.031,-256,-256,-256,63.093,60.343,59.312,60.156,63.093,6266,4747,15914,OFF,25W
2025-11-18 16:34:27.604439,3:12:28.170000,13,17,13,12,25,27,0.6546492511030831,0.2855730880830078,0,99.3,OFF,OFF,OFF,OFF,OFF,OFF,OFF,46.666666666666664,60.875,-256,-256,-256,63.156,60.343,59.062,60.0,63.156,6031,4676,15350,OFF,25W
2025-11-18 16:34:28.598445,3:12:29.170000,12,9,10,10,22,30,0.6556822300451793,0.2855730880830078,0,95.1,OFF,OFF,OFF,OFF,OFF,OFF,OFF,46.666666666666664,61.187,-256,-256,-256,62.968,60.187,59.156,60.093,62.968,6413,4786,16229,OFF,25W
2025-11-18 16:34:29.606069,3:12:30.170000,11,12,12,9,13,33,0.6556509587223666,0.2855730880830078,0,99.8,OFF,OFF,OFF,OFF,OFF,OFF,OFF,46.666666666666664,60.937,-256,-256,-256,63.343,60.343,59.343,60.156,63.343,6188,4747,15954,OFF,25W
2025-11-18 16:34:30.610192,3:12:31.170000,29,16,15,9,14,10,0.6558647315356937,0.2855730880830078,0,97.5,OFF,OFF,OFF,OFF,OFF,OFF,OFF,46.666666666666664,61.062,-256,-256,-256,63.031,60.343,59.312,60.156,63.031,6149,4754,15600,OFF,25W
2025-11-18 16:34:31.609837,3:12:32.170000,14,36,16,7,7,9,0.655715039301901,0.2855730880830078,0,99.8,OFF,OFF,OFF,OFF,OFF,OFF,OFF,46.666666666666664,61.093,-256,-256,-256,63.062,60.312,59.281,60.156,63.062,6306,4786,16032,OFF,25W
2025-11-18 16:34:32.612316,3:12:33.170000,15,34,8,14,19,14,0.6556212253334626,0.2855730880830078,0,94.0,OFF,OFF,OFF,OFF,OFF,OFF,OFF,46.666666666666664,61.062,-256,-256,-256,63.25,60.343,59.375,60.187,63.25,6110,4747,16098,OFF,25W
2025-11-18 16:34:33.614882,3:12:34.170000,20,20,20,20,18,13,0.6557288807070805,0.2855730880830078,0,96.3,OFF,OFF,OFF,OFF,OFF,OFF,OFF,46.666666666666664,61.156,-256,-256,-256,63.062,60.406,59.312,60.156,63.062,5953,4754,15783,OFF,25W
2025-11-18 16:34:34.610608,3:12:35.170000,7,14,37,20,19,21,0.6577717695826406,0.2855730880830078,0,99.8,OFF,OFF,OFF,OFF,OFF,OFF,OFF,46.666666666666664,61.375,-256,-256,-256,63.218,60.375,59.312,60.218,63.218,6110,4558,15429,OFF,25W
2025-11-18 16:34:35.612923,3:12:36.170000,10,11,4,11,8,23,0.6577676684255505,0.2855730880830078,0,96.6,OFF,OFF,OFF,OFF,OFF,OFF,OFF,46.666666666666664,61.125,-256,-256,-256,63.281,60.593,59.281,60.062,63.062,5992,4794,15744,OFF,25W
2025-11-18 16:34:36.615971,3:12:37.170000,9,10,8,13,24,3,0.6578322616497212,0.2855730880830078,0,99.8,OFF,OFF,OFF,OFF,OFF,OFF,OFF,46.666666666666664,61.156,-256,-256,-256,63.312,60.656,59.281,60.218,63.312,6031,4754,15443,OFF,25W
2025-11-18 16:34:37.614976,3:12:38.180000,12,19,17,18,16,30,0.6570617567613982,0.2855730880830078,0,98.8,OFF,OFF,OFF,OFF,OFF,OFF,OFF,46.666666666666664,61.25,-256,-256,-256,63.187,60.625,59.593,60.343,63.187,6149,4597,15311,OFF,25W
2025-11-18 16:34:38.616776,3:12:39.180000,16,9,8,5,11,17,0.6572478467643664,0.2855730880830078,0,96.1,OFF,OFF,OFF,OFF,OFF,OFF,OFF,46.666666666666664,61.125,-256,-256,-256,63.406,60.562,59.5,60.281,63.406,6149,4715,15757,OFF,25W
2025-11-18 16:34:39.618036,3:12:40.180000,13,24,15,15,26,30,0.6546554028387184,0.2855730880830078,0,99.8,OFF,OFF,OFF,OFF,OFF,OFF,OFF,46.666666666666664,61.125,-256,-256,-256,63.312,60.531,59.625,60.375,63.312,6188,4636,15600,OFF,25W
2025-11-18 16:34:40.617112,3:12:41.180000,16,5,4,5,9,17,0.655115245077458,0.2855730880830078,0,96.6,OFF,OFF,OFF,OFF,OFF,OFF,OFF,46.666666666666664,61.125,-256,-256,-256,63.125,60.562,59.468,60.25,63.125,5953,4794,15665,OFF,25W
2025-11-18 16:34:41.620492,3:12:42.180000,21,23,18,15,35,21,0.6570515038686727,0.2855730880830078,0,99.5,OFF,OFF,OFF,OFF,OFF,OFF,OFF,46.666666666666664,61.156,-256,-256,-256,63.343,60.5,59.468,60.312,63.343,6110,4636,15429,OFF,25W
2025-11-18 16:34:42.622887,3:12:43.180000,8,6,5,11,4,23,0.6576958981764718,0.2855730880830078,0,99.8,OFF,OFF,OFF,OFF,OFF,OFF,OFF,46.666666666666664,61.406,-256,-256,-256,63.187,60.593,59.5,60.281,63.187,6149,4715,15679,OFF,25W
2025-11-18 16:34:43.618568,3:12:44.180000,31,35,31,39,31,29,0.6577389603259189,0.2855730880830078,0,99.8,OFF,OFF,OFF,OFF,OFF,OFF,OFF,46.666666666666664,61.562,-256,-256,-256,63.156,60.718,59.437,60.343,63.406,6413,4754,15875,OFF,25W
2025-11-18 16:34:44.622372,3:12:45.180000,13,16,5,6,12,23,0.6579127468576166,0.2855730880830078,0,98.9,OFF,OFF,OFF,OFF,OFF,OFF,OFF,46.666666666666664,61.437,-256,-256,-256,63.312,60.718,59.406,60.343,63.312,6149,4676,15665,OFF,25W
2025-11-18 16:34:45.623600,3:12:46.180000,12,8,4,7,23,34,0.6579773400817873,0.2855730880830078,0,98.8,OFF,OFF,OFF,OFF,OFF,OFF,OFF,46.666666666666664,61.25,-256,-256,-256,63.437,60.718,59.75,60.468,63.437,6110,4754,15718,OFF,25W
2025-11-18 16:34:46.623684,3:12:47.180000,11,7,14,6,8,29,0.6580080987599639,0.2855730880830078,0,98.7,OFF,OFF,OFF,OFF,OFF,OFF,OFF,49.411764705882355,61.156,-256,-256,-256,63.468,60.75,59.687,60.406,63.25,5796,4676,15271,OFF,25W
2025-11-18 16:34:47.627038,3:12:48.190000,6,8,8,10,23,14,0.6580716666948622,0.2855730880830078,0,96.8,OFF,OFF,OFF,OFF,OFF,OFF,OFF,49.411764705882355,61.343,-256,-256,-256,63.375,60.625,59.656,60.406,63.375,5767,4676,15271,OFF,25W
2025-11-18 16:34:48.625107,3:12:49.190000,10,15,20,19,22,33,0.6592281929943009,0.2855730880830078,0,99.8,OFF,OFF,OFF,OFF,OFF,OFF,OFF,49.411764705882355,61.25,-256,-256,-256,63.531,60.687,59.593,60.375,63.531,5963,4440,14996,OFF,25W
2025-11-18 16:34:49.627202,3:12:50.190000,23,9,15,12,11,16,0.6603262778052043,0.2855730880830078,0,99.4,OFF,OFF,OFF,OFF,OFF,OFF,OFF,49.411764705882355,61.218,-256,-256,-256,63.687,60.656,59.562,60.468,63.687,6188,4676,15625,OFF,25W
2025-11-18 16:34:50.629020,3:12:51.190000,14,13,14,18,25,20,0.6606492439260582,0.2855730880830078,0,96.1,OFF,OFF,OFF,OFF,OFF,OFF,OFF,49.411764705882355,61.5,-256,-256,-256,63.312,60.656,59.562,60.406,63.312,5953,4707,15704,OFF,25W
2025-11-18 16:34:51.631153,3:12:52.190000,12,30,13,9,5,12,0.6607784303743998,0.2855730880830078,0,96.1,OFF,OFF,OFF,OFF,OFF,OFF,OFF,49.411764705882355,61.25,-256,-256,-256,63.281,60.687,59.625,60.406,63.281,6149,4715,15521,OFF,25W
2025-11-18 16:34:52.630364,3:12:53.190000,16,23,25,16,7,2,0.6608742949213834,0.2855730880830078,0,93.7,OFF,OFF,OFF,OFF,OFF,OFF,OFF,49.411764705882355,61.468,-256,-256,-256,63.531,60.875,59.562,60.531,63.531,6217,4864,15993,OFF,25W
2025-11-18 16:34:53.631946,3:12:54.190000,10,5,9,25,8,22,0.6608742949213834,0.2855730880830078,0,99.4,OFF,OFF,OFF,OFF,OFF,OFF,OFF,49.411764705882355,61.343,-256,-256,-256,63.468,60.812,59.562,60.468,63.312,5992,4833,15744,OFF,25W
2025-11-18 16:34:54.632687,3:12:55.190000,21,17,14,14,15,24,0.6611306172395214,0.2855730880830078,0,99.8,OFF,OFF,OFF,OFF,OFF,OFF,OFF,49.411764705882355,61.375,-256,-256,-256,63.437,60.75,59.718,60.5,63.437,5963,4558,15271,OFF,25W
2025-11-18 16:34:55.632641,3:12:56.190000,25,20,6,4,12,10,0.6612680060020434,0.2855730880830078,0,99.6,OFF,OFF,OFF,OFF,OFF,OFF,OFF,49.411764705882355,61.437,-256,-256,-256,63.656,60.718,59.75,60.562,63.437,6149,4786,15940,OFF,25W
2025-11-18 16:34:56.639156,3:12:57.190000,22,18,19,23,16,17,0.659648048951411,0.2855730880830078,0,96.4,OFF,OFF,OFF,OFF,OFF,OFF,OFF,49.411764705882355,61.25,-256,-256,-256,63.593,60.687,59.781,60.5,63.593,6031,4676,15429,OFF,25W
2025-11-18 16:34:57.635349,3:12:58.200000,7,6,10,34,1,7,0.6603211513588415,0.2855730880830078,0,96.1,OFF,OFF,OFF,OFF,OFF,OFF,OFF,49.411764705882355,61.218,-256,-256,-256,63.593,60.656,59.656,60.531,63.593,6159,4668,15836,OFF,25W
2025-11-18 16:34:58.640842,3:12:59.200000,15,17,16,16,28,26,0.6598110699457468,0.2855730880830078,0,99.8,OFF,OFF,OFF,OFF,OFF,OFF,OFF,49.411764705882355,61.562,-256,-256,-256,63.343,60.687,59.718,60.437,63.343,6149,4519,15350,OFF,25W
2025-11-18 16:34:59.635984,3:13:00.200000,10,9,4,6,18,27,0.6605200574777166,0.2855730880830078,0,99.8,OFF,OFF,OFF,OFF,OFF,OFF,OFF,49.411764705882355,61.5,-256,-256,-256,63.718,60.781,59.656,60.5,63.718,6227,4786,16032,OFF,25W
2025-11-18 16:35:00.629191,3:13:01.200000,17,16,21,20,4,4,0.6609363249223728,0.2855730880830078,0,99.9,OFF,OFF,OFF,OFF,OFF,OFF,OFF,49.411764705882355,61.406,-256,-256,-256,63.406,60.781,59.656,60.562,63.406,6227,4754,15718,OFF,25W
2025-11-18 16:35:01.641174,3:13:02.200000,24,25,33,20,17,15,0.6610162974856318,0.2855730880830078,0,99.8,OFF,OFF,OFF,OFF,OFF,OFF,OFF,49.411764705882355,61.687,-256,-256,-256,63.437,61.0,59.781,60.468,63.437,5992,4558,15311,OFF,25W
2025-11-18 16:35:02.634361,3:13:03.200000,13,9,7,13,18,16,0.6611157505450694,0.2855730880830078,0,92.7,OFF,OFF,OFF,OFF,OFF,OFF,OFF,49.411764705882355,61.562,-256,-256,-256,63.75,60.75,59.656,60.625,63.75,6334,4825,16307,OFF,25W
2025-11-18 16:35:03.642210,3:13:04.200000,17,11,12,17,30,7,0.6617555310511419,0.2855730880830078,0,99.3,OFF,OFF,OFF,OFF,OFF,OFF,OFF,49.411764705882355,61.312,-256,-256,-256,63.406,60.812,59.687,60.531,63.406,5992,4754,15625,OFF,25W
2025-11-18 16:35:04.643800,3:13:05.200000,19,10,8,13,10,18,0.6617796253490469,0.2855730880830078,0,96.6,OFF,OFF,OFF,OFF,OFF,OFF,OFF,49.411764705882355,61.312,-256,-256,-256,63.343,60.843,59.843,60.625,63.343,6188,4715,15679,OFF,25W
2025-11-18 16:35:05.643746,3:13:06.200000,16,7,5,7,18,12,0.6621338627927137,0.2855730880830078,0,99.8,OFF,OFF,OFF,OFF,OFF,OFF,OFF,49.411764705882355,61.406,-256,-256,-256,63.343,60.781,59.718,60.625,63.343,6031,4747,15783,OFF,25W
2025-11-18 16:35:06.644859,3:13:07.200000,14,15,7,11,12,1,0.6622630492410553,0.2855730880830078,0,96.7,OFF,OFF,OFF,OFF,OFF,OFF,OFF,49.411764705882355,61.468,-256,-256,-256,63.718,60.812,59.781,60.593,63.718,5953,4754,15625,OFF,25W
2025-11-18 16:35:07.644923,3:13:08.200000,6,6,5,11,22,5,0.6624235070122096,0.2855730880830078,0,96.3,OFF,OFF,OFF,OFF,OFF,OFF,OFF,49.411764705882355,61.562,-256,-256,-256,63.531,60.812,59.75,60.625,63.531,5992,4754,15625,OFF,25W
2025-11-18 16:35:08.646093,3:13:09.210000,13,19,5,8,3,7,0.6624219690783009,0.2855730880830078,0,96.3,OFF,OFF,OFF,OFF,OFF,OFF,OFF,49.411764705882355,61.468,-256,-256,-256,63.812,60.75,59.656,60.593,63.812,6031,4747,15822,OFF,25W
2025-11-18 16:35:09.647217,3:13:10.210000,15,13,13,10,8,1,0.6634226514083117,0.2855730880830078,0,99.8,OFF,OFF,OFF,OFF,OFF,OFF,OFF,49.411764705882355,61.437,-256,-256,-256,63.625,60.875,60.0,60.687,63.625,5992,4754,15625,OFF,25W
2025-11-18 16:35:10.649590,3:13:11.210000,17,15,10,12,3,6,0.6636066908327348,0.2855730880830078,0,95.6,OFF,OFF,OFF,OFF,OFF,OFF,OFF,49.411764705882355,61.562,-256,-256,-256,63.437,60.937,59.906,60.656,63.437,5992,4786,15744,OFF,25W
2025-11-18 16:35:11.651012,3:13:12.210000,15,16,12,21,20,30,0.6641870045609993,0.2855730880830078,0,95.8,OFF,OFF,OFF,OFF,OFF,OFF,OFF,49.411764705882355,61.375,-256,-256,-256,63.593,60.937,59.906,60.75,63.593,6110,4629,15625,OFF,25W
2025-11-18 16:35:12.646535,3:13:13.210000,8,6,12,8,27,10,0.6647114400239097,0.2855730880830078,0,99.8,OFF,OFF,OFF,OFF,OFF,OFF,OFF,49.411764705882355,61.5,-256,-256,-256,63.75,60.875,59.843,60.625,63.75,6149,4747,15757,OFF,25W
2025-11-18 16:35:13.650172,3:13:14.210000,16,12,14,18,32,20,0.6641336895188266,0.2855730880830078,0,99.7,OFF,OFF,OFF,OFF,OFF,OFF,OFF,49.411764705882355,61.5,-256,-256,-256,63.406,60.875,59.875,60.656,63.406,6071,4558,15429,OFF,25W
2025-11-18 16:35:14.652005,3:13:15.210000,11,8,8,7,7,26,0.6644192325812324,0.2855730880830078,0,99.3,OFF,OFF,OFF,OFF,OFF,OFF,OFF,49.411764705882355,61.625,-256,-256,-256,63.718,60.781,59.906,60.75,63.718,6031,4786,15901,OFF,25W
2025-11-18 16:35:15.650862,3:13:16.210000,22,17,29,20,22,14,0.6613146566639445,0.2855730880830078,0,99.8,OFF,OFF,OFF,OFF,OFF,OFF,OFF,49.411764705882355,61.718,-256,-256,-256,63.593,61.031,59.781,60.656,63.593,6188,4636,15561,OFF,25W
2025-11-18 16:35:16.651082,3:13:17.210000,15,9,10,10,5,24,0.6628038893323265,0.2855730880830078,0,99.8,OFF,OFF,OFF,OFF,OFF,OFF,OFF,49.411764705882355,61.625,-256,-256,-256,63.75,60.968,59.781,60.75,63.75,6071,4707,15718,OFF,25W
2025-11-18 16:35:17.652795,3:13:18.210000,15,8,8,7,21,18,0.662002625765827,0.2855730880830078,0,99.8,OFF,OFF,OFF,OFF,OFF,OFF,OFF,49.411764705882355,61.625,-256,-256,-256,63.75,61.0,59.812,60.75,63.968,6100,4864,16019,OFF,25W
2025-11-18 16:35:18.656862,3:13:19.210000,15,15,14,20,18,23,0.6629212849540337,0.2855730880830078,0,96.0,OFF,OFF,OFF,OFF,OFF,OFF,OFF,49.411764705882355,61.625,-256,-256,-256,63.531,61.125,59.968,60.718,63.531,6110,4715,15364,OFF,25W
2025-11-18 16:35:19.666056,3:13:20.220000,10,9,22,13,10,5,0.6631796578507169,0.2855730880830078,0,97.6,OFF,OFF,OFF,OFF,OFF,OFF,OFF,49.411764705882355,61.656,-256,-256,-256,63.843,60.937,59.968,60.687,63.843,6139,4754,15521,OFF,25W
2025-11-18 16:35:20.656731,3:13:21.220000,14,15,16,16,41,19,0.6635297941372934,0.2855730880830078,0,96.2,OFF,OFF,OFF,OFF,OFF,OFF,OFF,49.411764705882355,61.812,-256,-256,-256,63.531,60.937,59.843,60.781,63.531,6071,4629,15704,OFF,25W
2025-11-18 16:35:21.659487,3:13:22.220000,9,6,10,8,8,27,0.6639122270359553,0.2855730880830078,0,99.8,OFF,OFF,OFF,OFF,OFF,OFF,OFF,49.411764705882355,61.531,-256,-256,-256,63.593,60.937,59.968,60.718,63.5,5982,4794,15625,OFF,25W
2025-11-18 16:35:22.660322,3:13:23.220000,21,15,15,16,19,29,0.6633196098364202,0.2855730880830078,0,99.0,OFF,OFF,OFF,OFF,OFF,OFF,OFF,49.411764705882355,61.656,-256,-256,-256,63.468,60.937,59.875,60.656,63.687,6080,4511,15547,OFF,25W
2025-11-18 16:35:23.660253,3:13:24.220000,14,7,8,3,0,28,0.6638676269525994,0.2855730880830078,0,99.3,OFF,OFF,OFF,OFF,OFF,OFF,OFF,49.411764705882355,61.75,-256,-256,-256,63.812,60.906,59.906,60.687,63.812,6031,4747,15639,OFF,25W
2025-11-18 16:35:24.662813,3:13:25.220000,14,21,16,30,9,15,0.6629761379301152,0.2855730880830078,0,99.8,OFF,OFF,OFF,OFF,OFF,OFF,OFF,49.411764705882355,61.562,-256,-256,-256,63.593,60.937,59.906,60.656,63.781,6071,4715,15404,OFF,25W
2025-11-18 16:35:25.662145,3:13:26.220000,19,6,14,20,5,1,0.6637133209170802,0.2855730880830078,0,95.1,OFF,OFF,OFF,OFF,OFF,OFF,OFF,49.411764705882355,61.687,-256,-256,-256,63.937,61.093,59.75,60.906,63.937,6061,4833,15600,OFF,25W
2025-11-18 16:35:26.663736,3:13:27.220000,23,28,25,20,11,16,0.6653865930098853,0.2855730880830078,0,96.5,OFF,OFF,OFF,OFF,OFF,OFF,OFF,49.411764705882355,61.687,-256,-256,-256,63.625,61.093,59.812,60.812,63.812,6149,4597,15128,OFF,25W
2025-11-18 16:35:27.664379,3:13:28.220000,19,24,21,23,10,9,0.6658664283894398,0.2855730880830078,0,99.8,OFF,OFF,OFF,OFF,OFF,OFF,OFF,49.411764705882355,61.562,-256,-256,-256,63.968,60.937,60.0,60.781,63.968,6041,4629,15822,OFF,25W
2025-11-18 16:35:28.653888,3:13:29.220000,10,7,7,17,25,9,0.6653594228441627,0.2855730880830078,0,69.4,OFF,OFF,OFF,OFF,OFF,OFF,OFF,49.411764705882355,61.875,-256,-256,-256,63.625,61.093,60.0,60.843,63.625,6306,4786,15993,OFF,25W
2025-11-18 16:35:29.670506,3:13:30.230000,16,19,10,11,12,12,0.6652035788747348,0.2855730880830078,0,94.5,OFF,OFF,OFF,OFF,OFF,OFF,OFF,49.411764705882355,61.812,-256,-256,-256,63.812,60.937,59.906,60.687,63.812,6198,4668,15954,OFF,25W
2025-11-18 16:35:30.657866,3:13:31.230000,28,22,30,30,18,20,0.6647222055612716,0.2855730880830078,0,99.8,OFF,OFF,OFF,OFF,OFF,OFF,OFF,49.411764705882355,61.656,-256,-256,-256,63.625,61.031,59.968,60.843,63.625,6188,4668,15901,OFF,25W
2025-11-18 16:35:31.667174,3:13:32.230000,16,18,9,19,12,11,0.6660109941768696,0.2855730880830078,0,92.9,OFF,OFF,OFF,OFF,OFF,OFF,OFF,49.411764705882355,61.781,-256,-256,-256,63.593,60.968,59.906,60.781,63.593,5982,4864,15862,OFF,25W
2025-11-18 16:35:32.667381,3:13:33.230000,8,8,3,5,28,12,0.6659735711184214,0.2855730880830078,0,99.8,OFF,OFF,OFF,OFF,OFF,OFF,OFF,49.411764705882355,61.687,-256,-256,-256,63.875,61.156,59.906,60.781,63.875,6178,4825,15954,OFF,25W
2025-11-18 16:35:33.668076,3:13:34.230000,15,12,17,16,16,38,0.6669880948536118,0.2855730880830078,0,96.2,OFF,OFF,OFF,OFF,OFF,OFF,OFF,49.411764705882355,61.687,-256,-256,-256,63.843,61.093,60.031,60.812,63.625,5992,4636,15507,OFF,25W
2025-11-18 16:35:34.670489,3:13:35.230000,10,6,5,8,8,30,0.6675125303165221,0.2855730880830078,0,96.6,OFF,OFF,OFF,OFF,OFF,OFF,OFF,49.411764705882355,61.625,-256,-256,-256,63.937,61.093,60.093,60.812,63.937,5953,4747,15940,OFF,25W
2025-11-18 16:35:35.672390,3:13:36.230000,11,7,10,7,9,30,0.6680241496635257,0.2855730880830078,0,98.4,OFF,OFF,OFF,OFF,OFF,OFF,OFF,49.411764705882355,61.687,-256,-256,-256,63.718,61.093,60.031,60.875,63.718,6031,4668,15625,OFF,25W
2025-11-18 16:35:36.671355,3:13:37.230000,14,14,15,15,15,37,0.6680226117296169,0.2855730880830078,0,99.8,OFF,OFF,OFF,OFF,OFF,OFF,OFF,49.411764705882355,61.718,-256,-256,-256,63.875,61.156,60.0,60.781,63.875,6071,4629,15625,OFF,25W
2025-11-18 16:35:37.676925,3:13:38.230000,16,18,17,21,21,17,0.6673746289093639,0.2855730880830078,0,99.7,OFF,OFF,OFF,OFF,OFF,OFF,OFF,49.411764705882355,61.75,-256,-256,-256,63.687,61.031,60.0,60.812,63.687,6031,4715,15246,OFF,25W
2025-11-18 16:35:38.676867,3:13:39.230000,23,8,21,27,14,14,0.6679831380926237,0.2855730880830078,0,96.2,OFF,OFF,OFF,OFF,OFF,OFF,OFF,49.411764705882355,61.75,-256,-256,-256,64.0,61.031,59.937,60.843,64.0,5992,4668,15665,OFF,25W
2025-11-18 16:35:39.687274,3:13:40.240000,9,21,13,3,7,13,0.6680113335476188,0.2855730880830078,0,92.4,OFF,OFF,OFF,OFF,OFF,OFF,OFF,49.411764705882355,61.906,-256,-256,-256,63.812,61.031,60.031,60.968,63.812,6178,4825,16032,OFF,25W
2025-11-18 16:35:40.683392,3:13:41.240000,18,39,16,15,12,12,0.6689469100088226,0.2855730880830078,0,96.3,OFF,OFF,OFF,OFF,OFF,OFF,OFF,49.411764705882355,61.468,-256,-256,-256,63.75,61.031,60.0,60.812,63.75,6031,4747,15822,OFF,25W
2025-11-18 16:35:41.680685,3:13:42.240000,21,18,22,26,17,14,0.6676786271786757,0.2855730880830078,0,96.2,OFF,OFF,OFF,OFF,OFF,OFF,OFF,49.411764705882355,61.812,-256,-256,-256,63.812,61.218,59.968,60.875,63.812,5992,4668,15704,OFF,25W
2025-11-18 16:35:42.681942,3:13:43.240000,29,5,8,9,9,11,0.6685132126465331,0.2855730880830078,0,97.3,OFF,OFF,OFF,OFF,OFF,OFF,OFF,49.411764705882355,61.781,-256,-256,-256,63.687,61.156,59.906,60.812,63.687,6100,4833,15443,OFF,25W
2025-11-18 16:35:43.682098,3:13:44.240000,14,24,15,24,18,17,0.6669163246045331,0.2855730880830078,0,99.3,OFF,OFF,OFF,OFF,OFF,OFF,OFF,49.411764705882355,61.625,-256,-256,-256,63.906,61.156,60.062,60.75,63.906,6031,4715,15468,OFF,25W
2025-11-18 16:35:44.682820,3:13:45.240000,11,14,17,9,4,9,0.6673305414706442,0.2855730880830078,0,93.5,OFF,OFF,OFF,OFF,OFF,OFF,OFF,49.411764705882355,61.843,-256,-256,-256,63.812,61.156,60.125,60.937,63.812,6031,4747,16137,OFF,25W
2025-11-18 16:35:45.686809,3:13:46.240000,18,23,34,15,12,15,0.6685916472758833,0.2855730880830078,0,92.6,OFF,OFF,OFF,OFF,OFF,OFF,OFF,49.411764705882355,61.718,-256,-256,-256,63.968,61.156,60.125,60.843,63.968,6110,4636,15586,OFF,25W
2025-11-18 16:35:46.684318,3:13:47.240000,12,24,13,9,5,8,0.6689325559590069,0.2855730880830078,0,99.4,OFF,OFF,OFF,OFF,OFF,OFF,OFF,49.411764705882355,61.718,-256,-256,-256,63.812,61.156,60.062,60.937,63.812,6227,4715,15639,OFF,25W
2025-11-18 16:35:47.683334,3:13:48.240000,21,25,18,18,14,18,0.6704520346609292,0.2855730880830078,0,99.3,OFF,OFF,OFF,OFF,OFF,OFF,OFF,49.411764705882355,61.937,-256,-256,-256,63.906,61.125,60.031,60.875,64.031,6071,4676,15443,OFF,25W
2025-11-18 16:35:48.686501,3:13:49.240000,15,12,9,5,8,24,0.6714147812878556,0.2855730880830078,0,93.3,OFF,OFF,OFF,OFF,OFF,OFF,OFF,49.411764705882355,61.718,-256,-256,-256,63.843,61.125,60.062,60.875,63.843,6188,4786,15875,OFF,25W
2025-11-18 16:35:49.686855,3:13:50.250000,18,18,16,12,28,21,0.6690376481094434,0.2855730880830078,0,96.3,OFF,OFF,OFF,OFF,OFF,OFF,OFF,49.411764705882355,61.843,-256,-256,-256,63.718,61.343,59.968,60.781,63.718,6071,4668,15783,OFF,25W
2025-11-18 16:35:50.689015,3:13:51.250000,10,4,3,6,8,30,0.669480573075186,0.2855730880830078,0,99.3,OFF,OFF,OFF,OFF,OFF,OFF,OFF,49.411764705882355,61.812,-256,-256,-256,63.812,61.187,60.25,61.031,63.843,6110,4786,15836,OFF,25W
2025-11-18 16:35:51.690271,3:13:52.250000,22,15,35,18,14,14,0.6697507367985035,0.2855730880830078,0,99.8,OFF,OFF,OFF,OFF,OFF,OFF,OFF,49.411764705882355,61.906,-256,-256,-256,63.656,61.25,60.156,60.968,63.656,6110,4558,15468,OFF,25W
2025-11-18 16:35:52.693653,3:13:53.250000,8,8,13,31,6,8,0.6704510093716566,0.2855730880830078,0,99.8,OFF,OFF,OFF,OFF,OFF,OFF,OFF,49.411764705882355,61.843,-256,-256,-256,63.875,61.25,60.218,60.968,63.875,6061,4794,15482,OFF,25W
2025-11-18 16:35:53.693494,3:13:54.250000,8,8,21,10,9,11,0.6706447890441689,0.2855730880830078,0,94.3,OFF,OFF,OFF,OFF,OFF,OFF,OFF,49.411764705882355,61.937,-256,-256,-256,64.156,61.281,60.062,61.062,63.937,6334,4864,15914,OFF,25W
2025-11-18 16:35:54.696433,3:13:55.250000,19,8,16,12,29,26,0.6712292039295237,0.2855730880830078,0,93.6,OFF,OFF,OFF,OFF,OFF,OFF,OFF,49.411764705882355,61.656,-256,-256,-256,64.0,61.156,60.187,60.906,64.0,5953,4794,15468,OFF,25W
2025-11-18 16:35:55.692013,3:13:56.250000,21,25,17,14,18,19,0.6715506321164688,0.2855730880830078,0,96.4,OFF,OFF,OFF,OFF,OFF,OFF,OFF,49.411764705882355,61.937,-256,-256,-256,64.031,61.187,60.062,60.968,64.031,6071,4715,15561,OFF,25W
2025-11-18 16:35:56.694500,3:13:57.250000,29,24,19,17,19,19,0.6719961203053927,0.2855730880830078,0,99.4,OFF,OFF,OFF,OFF,OFF,OFF,OFF,49.411764705882355,62.0,-256,-256,-256,64.0,61.156,60.093,60.843,64.0,6188,4629,15625,OFF,25W
2025-11-18 16:35:57.697073,3:13:58.250000,10,8,7,8,9,24,0.672216044854355,0.2855730880830078,0,99.8,OFF,OFF,OFF,OFF,OFF,OFF,OFF,49.411764705882355,61.781,-256,-256,-256,64.093,61.281,60.125,60.968,63.937,6110,4707,15757,OFF,25W
2025-11-18 16:35:58.698505,3:13:59.250000,16,14,18,14,28,24,0.6696092468788913,0.2855730880830078,0,96.0,OFF,OFF,OFF,OFF,OFF,OFF,OFF,49.411764705882355,62.031,-256,-256,-256,63.843,61.281,60.062,60.937,63.843,6110,4715,15404,OFF,25W
2025-11-18 16:35:59.700234,3:14:00.260000,8,13,23,8,3,3,0.6700557603570877,0.2855730880830078,0,99.8,OFF,OFF,OFF,OFF,OFF,OFF,OFF,49.411764705882355,61.937,-256,-256,-256,63.906,61.281,60.25,61.0,64.062,6061,4825,15796,OFF,25W
2025-11-18 16:36:00.702109,3:14:01.260000,19,14,24,34,13,12,0.669794311592587,0.2855730880830078,0,99.8,OFF,OFF,OFF,OFF,OFF,OFF,OFF,49.411764705882355,61.718,-256,-256,-256,63.812,61.187,60.218,61.031,63.718,6071,4636,15429,OFF,25W
2025-11-18 16:36:01.702986,3:14:02.260000,16,9,5,34,7,3,0.6713440363280495,0.2855730880830078,0,99.8,OFF,OFF,OFF,OFF,OFF,OFF,OFF,49.411764705882355,61.718,-256,-256,-256,63.843,61.281,60.187,60.968,63.843,6031,4747,15862,OFF,25W
2025-11-18 16:36:02.703556,3:14:03.260000,18,23,14,33,19,11,0.6718828258407756,0.2855730880830078,0,93.5,OFF,OFF,OFF,OFF,OFF,OFF,OFF,49.411764705882355,61.656,-256,-256,-256,64.0,61.187,60.156,60.937,64.0,6149,4636,15586,OFF,25W
2025-11-18 16:36:03.702284,3:14:04.260000,17,13,12,16,10,31,0.6721699068370902,0.2855730880830078,0,99.7,OFF,OFF,OFF,OFF,OFF,OFF,OFF,49.411764705882355,62.0,-256,-256,-256,63.843,61.25,60.093,60.906,63.843,6071,4558,15350,OFF,25W
2025-11-18 16:36:04.705425,3:14:05.260000,18,26,6,7,5,1,0.6722667966733464,0.2855730880830078,0,95.2,OFF,OFF,OFF,OFF,OFF,OFF,OFF,49.411764705882355,61.906,-256,-256,-256,64.125,61.187,60.093,60.937,64.125,6149,4707,15796,OFF,25W
2025-11-18 16:36:05.704989,3:14:06.260000,22,20,15,15,18,17,0.6724282797337734,0.2855730880830078,0,99.3,OFF,OFF,OFF,OFF,OFF,OFF,OFF,49.411764705882355,61.968,-256,-256,-256,63.906,61.25,60.062,61.031,63.906,6031,4715,15482,OFF,25W
2025-11-18 16:36:06.714893,3:14:07.260000,12,6,11,7,39,4,0.672747144697537,0.2855730880830078,0,98.0,OFF,OFF,OFF,OFF,OFF,OFF,OFF,49.411764705882355,61.937,-256,-256,-256,64.281,61.25,60.187,61.062,64.281,6334,4825,16189,OFF,25W
2025-11-18 16:36:07.709211,3:14:08.260000,14,14,12,24,25,10,0.6729388737915043,0.2855730880830078,0,96.3,OFF,OFF,OFF,OFF,OFF,OFF,OFF,49.411764705882355,61.812,-256,-256,-256,64.031,61.343,60.312,61.093,64.031,6149,4715,15600,OFF,25W
2025-11-18 16:36:08.700354,3:14:09.260000,19,18,8,20,16,32,0.6723457439473329,0.2855730880830078,0,99.8,OFF,OFF,OFF,OFF,OFF,OFF,OFF,49.411764705882355,61.937,-256,-256,-256,63.812,61.437,60.062,61.0,63.812,6266,4676,15561,OFF,25W
2025-11-18 16:36:09.708054,3:14:10.270000,18,18,12,9,2,5,0.6731336787532892,0.2855730880830078,0,92.3,OFF,OFF,OFF,OFF,OFF,OFF,OFF,49.411764705882355,61.937,-256,-256,-256,64.0,61.218,60.25,60.968,64.0,6061,4833,15600,OFF,25W
2025-11-18 16:36:10.708507,3:14:11.270000,10,6,9,12,21,5,0.6734515184277804,0.2855730880830078,0,99.3,OFF,OFF,OFF,OFF,OFF,OFF,OFF,49.411764705882355,61.812,-256,-256,-256,63.937,61.312,60.218,61.062,63.937,6227,4707,15914,OFF,25W
2025-11-18 16:36:11.707344,3:14:12.270000,15,15,13,18,33,16,0.6723821417165086,0.2855730880830078,0,95.9,OFF,OFF,OFF,OFF,OFF,OFF,OFF,49.411764705882355,62.093,-256,-256,-256,64.031,61.218,60.218,61.0,64.031,6110,4707,15639,OFF,25W
2025-11-18 16:36:12.708323,3:14:13.270000,12,7,7,14,11,21,0.6731828926383717,0.2855730880830078,0,99.3,OFF,OFF,OFF,OFF,OFF,OFF,OFF,49.411764705882355,62.0,-256,-256,-256,63.937,61.156,60.062,61.031,63.937,6266,4794,15535,OFF,25W
2025-11-18 16:36:13.709875,3:14:14.270000,19,13,13,22,26,21,0.6735653255370337,0.2855730880830078,0,95.1,OFF,OFF,OFF,OFF,OFF,OFF,OFF,49.411764705882355,61.875,-256,-256,-256,64.0,61.218,60.062,61.031,64.0,6149,4676,15364,OFF,25W
2025-11-18 16:36:14.709368,3:14:15.270000,12,17,12,18,13,28,0.6739164871128828,0.2855730880830078,0,99.7,OFF,OFF,OFF,OFF,OFF,OFF,OFF,49.411764705882355,61.875,-256,-256,-256,63.781,61.281,60.375,61.062,63.781,6071,4558,15311,OFF,25W
2025-11-18 16:36:15.710841,3:14:16.270000,12,13,6,5,26,6,0.6742045933984699,0.2855730880830078,0,96.6,OFF,OFF,OFF,OFF,OFF,OFF,OFF,49.411764705882355,61.937,-256,-256,-256,64.187,61.25,60.343,61.093,64.187,6110,4707,15796,OFF,25W
2025-11-18 16:36:16.711083,3:14:17.270000,19,22,22,18,18,12,0.6744952629072385,0.2855730880830078,0,97.9,OFF,OFF,OFF,OFF,OFF,OFF,OFF,49.411764705882355,61.937,-256,-256,-256,63.968,61.281,60.218,61.0,63.968,5992,4707,15639,OFF,25W
2025-11-18 16:36:17.714567,3:14:18.270000,19,18,25,27,14,16,0.6749981672954253,0.2855730880830078,0,99.8,OFF,OFF,OFF,OFF,OFF,OFF,OFF,49.411764705882355,61.812,-256,-256,-256,63.875,61.312,60.25,61.093,63.875,6071,4558,15389,OFF,25W
2025-11-18 16:36:18.713246,3:14:19.270000,14,25,15,12,0,3,0.6755108119317014,0.2855730880830078,0,96.1,OFF,OFF,OFF,OFF,OFF,OFF,OFF,49.411764705882355,61.906,-256,-256,-256,64.031,61.312,60.187,61.031,64.031,6071,4747,15914,OFF,25W
2025-11-18 16:36:19.713351,3:14:20.280000,20,9,8,32,6,3,0.6752657677955615,0.2855730880830078,0,95.5,OFF,OFF,OFF,OFF,OFF,OFF,OFF,49.411764705882355,62.062,-256,-256,-256,64.187,61.25,60.156,61.093,64.187,6334,4825,16189,OFF,25W
2025-11-18 16:36:20.714546,3:14:21.280000,15,31,17,13,10,12,0.6753626576318176,0.2855730880830078,0,96.7,OFF,OFF,OFF,OFF,OFF,OFF,OFF,49.411764705882355,62.156,-256,-256,-256,64.0,61.281,60.187,61.0,64.0,6110,4786,15718,OFF,25W
2025-11-18 16:36:21.716548,3:14:22.280000,9,6,9,31,4,3,0.6754272508559884,0.2855730880830078,0,96.4,OFF,OFF,OFF,OFF,OFF,OFF,OFF,49.411764705882355,61.937,-256,-256,-256,64.062,61.218,60.093,61.125,63.937,5982,4864,15901,OFF,25W
2025-11-18 16:36:22.720829,3:14:23.280000,9,18,27,14,6,9,0.6759752679721674,0.2855730880830078,0,96.7,OFF,OFF,OFF,OFF,OFF,OFF,OFF,49.411764705882355,62.187,-256,-256,-256,64.218,61.25,60.156,60.968,64.218,6100,4786,15875,OFF,25W
2025-11-18 16:36:23.715206,3:14:24.280000,32,11,11,21,2,5,0.676104454420509,0.2855730880830078,0,93.1,OFF,OFF,OFF,OFF,OFF,OFF,OFF,49.411764705882355,61.968,-256,-256,-256,64.281,61.281,60.281,61.125,64.281,6217,4864,16032,OFF,25W
2025-11-18 16:36:24.710722,3:14:25.280000,15,22,29,15,6,7,0.6737391120687313,0.2855730880830078,0,99.8,OFF,OFF,OFF,OFF,OFF,OFF,OFF,49.411764705882355,61.937,-256,-256,-256,64.062,61.25,60.25,61.0,64.062,6256,4747,15796,OFF,25W
2025-11-18 16:36:25.720775,3:14:26.280000,8,14,21,19,5,6,0.67410821620685,0.2855730880830078,0,99.3,OFF,OFF,OFF,OFF,OFF,OFF,OFF,49.411764705882355,61.968,-256,-256,-256,64.281,61.343,60.281,61.125,63.968,6061,4794,15639,OFF,25W
2025-11-18 16:36:26.721410,3:14:27.280000,9,23,12,13,5,3,0.6747654266305559,0.2855730880830078,0,96.3,OFF,OFF,OFF,OFF,OFF,OFF,OFF,49.411764705882355,61.781,-256,-256,-256,64.062,61.25,60.187,61.125,64.062,6149,4794,15561,OFF,25W
2025-11-18 16:36:27.724771,3:14:28.280000,17,19,24,17,20,9,0.6746675115050272,0.2855730880830078,0,96.1,OFF,OFF,OFF,OFF,OFF,OFF,OFF,49.411764705882355,61.968,-256,-256,-256,64.0,61.312,60.281,61.062,64.093,6237,4629,15521,OFF,25W
2025-11-18 16:36:28.727715,3:14:29.280000,10,13,7,12,11,12,0.6749812500224281,0.2855730880830078,0,96.4,OFF,OFF,OFF,OFF,OFF,OFF,OFF,49.411764705882355,62.156,-256,-256,-256,64.187,61.281,60.187,61.125,64.062,6217,4872,15757,OFF,25W
2025-11-18 16:36:29.721110,3:14:30.280000,21,15,24,18,14,34,0.6764161423593649,0.2855730880830078,0,99.8,OFF,OFF,OFF,OFF,OFF,OFF,OFF,49.411764705882355,62.562,-256,-256,-256,64.093,61.5,60.375,61.156,64.093,6345,4707,15796,OFF,25W
2025-11-18 16:36:30.728255,3:14:31.290000,17,10,10,7,27,13,0.6776710964289687,0.2855730880830078,0,94.7,OFF,OFF,OFF,OFF,OFF,OFF,OFF,49.411764705882355,62.281,-256,-256,-256,64.062,61.187,60.125,61.0,64.062,6345,4747,15757,OFF,25W
2025-11-18 16:36:31.726483,3:14:32.290000,20,16,24,19,17,37,0.6759286173102663,0.2855730880830078,0,96.5,OFF,OFF,OFF,OFF,OFF,OFF,OFF,49.411764705882355,61.968,-256,-256,-256,64.0,61.468,60.156,61.125,64.0,6031,4707,15625,OFF,25W
2025-11-18 16:36:32.728819,3:14:33.290000,13,6,9,5,26,3,0.6765642966592487,0.2855730880830078,0,96.5,OFF,OFF,OFF,OFF,OFF,OFF,OFF,49.411764705882355,61.875,-256,-256,-256,64.187,61.468,60.406,61.125,64.187,5992,4747,15679,OFF,25W
2025-11-18 16:36:33.728215,3:14:34.290000,18,13,20,18,19,24,0.6767867844313925,0.2855730880830078,0,95.8,OFF,OFF,OFF,OFF,OFF,OFF,OFF,49.411764705882355,61.906,-256,-256,-256,63.937,61.375,60.343,61.125,63.937,6149,4668,15521,OFF,25W
2025-11-18 16:36:34.729392,3:14:35.290000,13,11,9,16,2,5,0.6773988821271061,0.2855730880830078,0,96.4,OFF,OFF,OFF,OFF,OFF,OFF,OFF,49.411764705882355,61.906,-256,-256,-256,64.25,61.406,60.312,61.062,64.25,5865,4833,15704,OFF,25W
2025-11-18 16:36:35.730429,3:14:36.290000,12,12,8,24,8,2,0.677495259318726,0.2855730880830078,0,98.6,OFF,OFF,OFF,OFF,OFF,OFF,OFF,49.411764705882355,62.093,-256,-256,-256,64.093,61.406,60.281,61.093,64.093,6188,4676,15443,OFF,25W
2025-11-18 16:36:36.718572,3:14:37.290000,29,31,50,78,34,47,0.5402182533274482,0.2855730880830078,0,56.0,OFF,OFF,OFF,OFF,OFF,OFF,OFF,49.411764705882355,62.031,-256,-256,-256,62.968,61.25,60.218,60.656,62.968,3830,3361,10775,OFF,25W
2025-11-18 16:36:37.731353,3:14:38.290000,39,20,23,30,39,26,0.4944062780512737,0.2855730880830078,0,21.9,OFF,OFF,OFF,OFF,OFF,OFF,OFF,49.411764705882355,61.187,-256,-256,-256,62.156,61.0,60.218,60.375,62.156,2579,2856,8505,OFF,25W
2025-11-18 16:36:38.734944,3:14:39.290000,26,25,22,27,39,64,0.4947830718589366,0.2855730880830078,0,0.0,OFF,OFF,OFF,OFF,OFF,OFF,OFF,49.411764705882355,60.718,-256,-256,-256,62.062,60.937,59.968,60.031,62.062,2618,1987,7523,OFF,25W
2025-11-18 16:36:39.734024,3:14:40.290000,19,20,18,21,24,71,0.4950681022767061,0.2855730880830078,0,99.7,OFF,OFF,OFF,OFF,OFF,OFF,OFF,49.411764705882355,60.437,-256,-256,-256,61.781,60.562,59.75,59.718,61.781,2539,1907,7284,OFF,25W
2025-11-18 16:36:40.751072,3:14:41.290000,13,24,18,13,26,55,0.49464875896423227,0.2855730880830078,0,28.9,OFF,OFF,OFF,OFF,OFF,OFF,OFF,47.450980392156865,60.531,-256,-256,-256,61.281,60.437,59.625,59.531,61.281,2146,1867,6886,OFF,25W
2025-11-18 16:36:41.737036,3:14:42.300000,34,32,36,41,40,23,0.4946989981385873,0.2855730880830078,0,38.1,OFF,OFF,OFF,OFF,OFF,OFF,OFF,47.450980392156865,60.656,-256,-256,-256,61.437,60.281,59.406,59.437,61.437,2698,1867,7444,OFF,25W
2025-11-18 16:36:42.763034,3:14:43.300000,18,14,13,73,16,10,0.4951173161617886,0.2855730880830078,0,0.0,OFF,OFF,OFF,OFF,OFF,OFF,OFF,47.450980392156865,60.156,-256,-256,-256,61.312,60.093,59.281,59.281,61.312,2305,1867,7046,OFF,25W
2025-11-18 16:36:43.733638,3:14:44.300000,18,21,29,17,50,43,0.49381007233928464,0.2855730880830078,0,74.7,OFF,OFF,OFF,OFF,OFF,OFF,OFF,47.450980392156865,59.968,-256,-256,-256,61.406,60.0,59.343,59.25,61.406,2499,1907,7324,OFF,25W
2025-11-18 16:36:44.737582,3:14:45.300000,21,22,18,21,22,70,0.494412429786909,0.2855730880830078,0,82.7,OFF,OFF,OFF,OFF,OFF,OFF,OFF,45.88235294117647,60.031,-256,-256,-256,61.468,60.0,59.062,59.031,61.468,2420,1867,7165,OFF,25W
2025-11-18 16:36:45.739257,3:14:46.300000,18,14,28,24,15,64,0.4944749724325347,0.2855730880830078,0,68.6,OFF,OFF,OFF,OFF,OFF,OFF,OFF,45.88235294117647,59.781,-256,-256,-256,60.781,59.843,59.031,58.781,60.781,2305,1828,7006,OFF,25W
2025-11-18 16:36:46.746131,3:14:47.300000,20,21,28,25,59,25,0.494904568637734,0.2855730880830078,0,15.1,OFF,OFF,OFF,OFF,OFF,OFF,OFF,45.88235294117647,59.5,-256,-256,-256,60.718,59.781,58.843,58.75,60.812,2460,1867,7284,OFF,25W
2025-11-18 16:36:47.735667,3:14:48.300000,22,20,17,21,28,68,0.4933938048946285,0.2855730880830078,0,99.8,OFF,OFF,OFF,OFF,OFF,OFF,OFF,45.88235294117647,59.687,-256,-256,-256,60.906,59.531,58.687,58.625,60.906,2265,1867,7006,OFF,25W
2025-11-18 16:36:48.737454,3:14:49.300000,20,28,13,13,24,43,0.4939218288699928,0.2855730880830078,0,69.2,OFF,OFF,OFF,OFF,OFF,OFF,OFF,45.88235294117647,59.406,-256,-256,-256,60.406,59.375,58.656,58.531,60.406,2265,1907,7085,OFF,25W
2025-11-18 16:36:49.744893,3:14:50.300000,14,9,15,11,24,61,0.4942437697015742,0.2855730880830078,0,74.8,OFF,OFF,OFF,OFF,OFF,OFF,OFF,45.88235294117647,59.343,-256,-256,-256,60.406,59.218,58.562,58.375,60.406,2261,2066,7444,OFF,25W
2025-11-18 16:36:50.735588,3:14:51.300000,10,9,14,11,5,72,0.4944375493740865,0.2855730880830078,0,76.6,OFF,OFF,OFF,OFF,OFF,OFF,OFF,45.88235294117647,59.437,-256,-256,-256,60.5,59.281,58.437,58.406,60.687,2693,2856,8982,OFF,25W
2025-11-18 16:36:51.746707,3:14:52.310000,14,16,14,17,17,64,0.49464517045177836,0.2855730880830078,0,58.9,OFF,OFF,OFF,OFF,OFF,OFF,OFF,45.88235294117647,59.187,-256,-256,-256,60.625,59.187,58.406,58.437,60.625,3010,2896,9205,OFF,25W
2025-11-18 16:36:52.749191,3:14:53.310000,9,12,10,14,6,75,0.4929698477804281,0.2855730880830078,0,11.1,OFF,OFF,OFF,OFF,OFF,OFF,OFF,45.88235294117647,59.531,-256,-256,-256,60.468,59.187,58.375,58.468,60.468,3090,2936,9324,OFF,25W
2025-11-18 16:36:53.744385,3:14:54.310000,5,5,4,9,33,47,0.49319079761866313,0.2855730880830078,0,95.5,OFF,OFF,OFF,OFF,OFF,OFF,OFF,45.88235294117647,59.5,-256,-256,-256,61.0,59.187,58.531,58.531,61.0,3751,3638,11132,OFF,25W
2025-11-18 16:36:54.747107,3:14:55.310000,9,9,3,6,18,62,0.4920434989226773,0.2855730880830078,0,0.0,OFF,OFF,OFF,OFF,OFF,OFF,OFF,45.88235294117647,59.625,-256,-256,-256,61.0,59.156,58.437,58.625,61.0,3711,3678,11092,OFF,25W
2025-11-18 16:36:55.740238,3:14:56.310000,14,8,10,13,44,42,0.49221574752046604,0.2855730880830078,0,75.0,OFF,OFF,OFF,OFF,OFF,OFF,OFF,45.88235294117647,59.75,-256,-256,-256,60.968,59.218,58.343,58.687,60.968,4021,3757,11628,OFF,25W
2025-11-18 16:36:56.744254,3:14:57.310000,18,12,3,10,8,51,0.4923110994228134,0.2855730880830078,0,76.0,OFF,OFF,OFF,OFF,OFF,OFF,OFF,45.88235294117647,59.375,-256,-256,-256,60.968,59.125,58.343,58.593,60.968,4218,3869,11984,OFF,25W
2025-11-18 16:36:57.746671,3:14:58.310000,7,4,3,6,18,63,0.4923710788452577,0.2855730880830078,0,72.8,OFF,OFF,OFF,OFF,OFF,OFF,OFF,45.88235294117647,59.656,-256,-256,-256,61.187,59.062,58.375,58.562,61.187,4257,3909,12142,OFF,25W
2025-11-18 16:36:58.745977,3:14:59.310000,8,3,4,5,8,73,0.49240183752343425,0.2855730880830078,0,66.6,OFF,OFF,OFF,OFF,OFF,OFF,OFF,45.88235294117647,59.5,-256,-256,-256,60.937,59.156,58.187,58.562,60.812,3909,3717,11409,OFF,25W
2025-11-18 16:36:59.746367,3:15:00.310000,15,10,12,12,33,54,0.4925710102534054,0.2855730880830078,0,75.9,OFF,OFF,OFF,OFF,OFF,OFF,OFF,45.88235294117647,59.375,-256,-256,-256,60.906,59.218,58.156,58.656,61.093,4021,3717,11567,OFF,25W
2025-11-18 16:37:00.738698,3:15:01.310000,6,5,3,45,4,38,0.4925710102534054,0.2855730880830078,0,52.4,OFF,OFF,OFF,OFF,OFF,OFF,OFF,45.88235294117647,59.75,-256,-256,-256,61.156,59.031,58.156,58.437,61.156,4027,3717,11549,OFF,25W
2025-11-18 16:37:01.740344,3:15:02.320000,7,52,29,5,6,6,0.4927001967017469,0.2855730880830078,0,74.6,OFF,OFF,OFF,OFF,OFF,OFF,OFF,45.88235294117647,59.75,-256,-256,-256,60.906,58.968,58.093,58.468,60.906,4060,3836,11845,OFF,25W
2025-11-18 16:37:02.754925,3:15:03.320000,7,4,8,3,35,47,0.4924838606652384,0.2855730880830078,0,61.8,OFF,OFF,OFF,OFF,OFF,OFF,OFF,45.88235294117647,59.343,-256,-256,-256,60.812,59.031,58.187,58.375,60.812,3711,3638,11013,OFF,25W
2025-11-18 16:37:03.749300,3:15:04.320000,51,20,32,14,15,16,0.491831264043259,0.2855730880830078,0,43.4,OFF,OFF,OFF,OFF,OFF,OFF,OFF,45.88235294117647,59.187,-256,-256,-256,60.312,58.75,58.031,57.968,60.312,2579,2344,7988,OFF,25W
2025-11-18 16:37:04.761856,3:15:05.320000,27,13,13,61,14,15,0.49270993694983617,0.2855730880830078,0,60.4,OFF,OFF,OFF,OFF,OFF,OFF,OFF,43.92156862745098,58.781,-256,-256,-256,59.687,58.656,57.812,57.781,59.687,2380,1947,7324,OFF,25W
2025-11-18 16:37:05.762294,3:15:06.320000,27,16,55,14,15,22,0.49349428324333855,0.2855730880830078,0,0.0,OFF,OFF,OFF,OFF,OFF,OFF,OFF,43.92156862745098,58.75,-256,-256,-256,59.562,58.406,57.75,57.656,59.562,2341,1907,7205,OFF,25W
2025-11-18 16:37:06.762844,3:15:07.320000,20,14,13,70,16,15,0.4938787667205456,0.2855730880830078,0,74.3,OFF,OFF,OFF,OFF,OFF,OFF,OFF,43.92156862745098,58.468,-256,-256,-256,59.593,58.312,57.593,57.531,59.593,2380,2026,7563,OFF,25W
2025-11-18 16:37:07.758746,3:15:08.320000,29,13,3,47,7,4,0.4940392244917,0.2855730880830078,0,77.9,OFF,OFF,OFF,OFF,OFF,OFF,OFF,43.92156862745098,58.562,-256,-256,-256,59.687,58.343,57.531,57.562,59.687,2614,3253,9443,OFF,25W
2025-11-18 16:37:08.743531,3:15:09.320000,12,17,4,56,6,5,0.4938982472167241,0.2855730880830078,0,77.0,OFF,OFF,OFF,OFF,OFF,OFF,OFF,43.92156862745098,58.75,-256,-256,-256,60.031,58.343,57.562,57.718,60.031,3282,3605,10617,OFF,25W
2025-11-18 16:37:09.758997,3:15:10.320000,6,4,4,5,63,19,0.4938982472167241,0.2855730880830078,0,78.3,OFF,OFF,OFF,OFF,OFF,OFF,OFF,43.92156862745098,58.75,-256,-256,-256,60.062,58.406,57.593,57.75,60.062,3553,3638,10934,OFF,25W
2025-11-18 16:37:10.752950,3:15:11.320000,6,4,4,5,6,81,0.4939305438288095,0.2855730880830078,0,36.0,OFF,OFF,OFF,OFF,OFF,OFF,OFF,43.92156862745098,58.843,-256,-256,-256,60.187,58.375,57.531,57.687,60.187,3593,3559,10815,OFF,25W
2025-11-18 16:37:11.766910,3:15:12.330000,27,23,24,19,31,58,0.4925940792620378,0.2855730880830078,0,54.5,OFF,OFF,OFF,OFF,OFF,OFF,OFF,43.92156862745098,58.218,-256,-256,-256,59.468,58.25,57.468,57.437,59.468,2817,2265,8068,OFF,25W
2025-11-18 16:37:12.761227,3:15:13.330000,6,6,5,4,6,80,0.4926663621557527,0.2855730880830078,0,78.0,OFF,OFF,OFF,OFF,OFF,OFF,OFF,43.92156862745098,58.281,-256,-256,-256,59.968,58.187,57.343,57.406,59.968,2971,3169,9761,OFF,25W
2025-11-18 16:37:13.762498,3:15:14.330000,8,4,3,3,7,77,0.49287552116735334,0.2855730880830078,0,76.5,OFF,OFF,OFF,OFF,OFF,OFF,OFF,43.92156862745098,58.718,-256,-256,-256,60.062,58.218,57.375,57.5,60.0,3632,3599,10973,OFF,25W
2025-11-18 16:37:14.754295,3:15:15.330000,25,3,5,3,4,61,0.49297548687142717,0.2855730880830078,0,63.3,OFF,OFF,OFF,OFF,OFF,OFF,OFF,43.92156862745098,58.593,-256,-256,-256,59.875,58.187,57.437,57.656,59.875,3711,3599,10973,OFF,25W
2025-11-18 16:37:15.753512,3:15:16.330000,8,4,3,4,20,62,0.4931164641464031,0.2855730880830078,0,78.2,OFF,OFF,OFF,OFF,OFF,OFF,OFF,43.92156862745098,58.75,-256,-256,-256,59.937,58.218,57.437,57.656,59.937,3863,3717,11409,OFF,25W
2025-11-18 16:37:16.771326,3:15:17.330000,17,14,15,13,65,22,0.4927386450494676,0.2855730880830078,0,0.0,OFF,OFF,OFF,OFF,OFF,OFF,OFF,43.92156862745098,58.531,-256,-256,-256,59.468,58.062,57.218,57.25,59.468,3169,2777,9141,OFF,25W
2025-11-18 16:37:17.767615,3:15:18.330000,8,2,5,6,9,83,0.4929001281098946,0.2855730880830078,0,75.4,OFF,OFF,OFF,OFF,OFF,OFF,OFF,43.92156862745098,58.312,-256,-256,-256,59.531,58.062,57.187,57.437,59.531,3005,3208,9721,OFF,25W
2025-11-18 16:37:18.760968,3:15:19.330000,12,30,4,12,6,33,0.4929970179461508,0.2855730880830078,0,73.9,OFF,OFF,OFF,OFF,OFF,OFF,OFF,43.92156862745098,58.656,-256,-256,-256,60.125,57.968,57.187,57.5,60.125,3902,3796,11509,OFF,25W
2025-11-18 16:37:19.752781,3:15:20.330000,29,56,3,7,7,1,0.49306161117032155,0.2855730880830078,0,72.2,OFF,OFF,OFF,OFF,OFF,OFF,OFF,43.92156862745098,58.562,-256,-256,-256,60.0,58.156,57.375,57.562,60.0,3869,3678,11330,OFF,25W
2025-11-18 16:37:20.760503,3:15:21.330000,10,75,3,5,5,0,0.49306161117032155,0.2855730880830078,0,58.1,OFF,OFF,OFF,OFF,OFF,OFF,OFF,43.92156862745098,58.843,-256,-256,-256,60.093,58.093,57.218,57.593,60.093,3948,3672,11647,OFF,25W
2025-11-18 16:37:21.771531,3:15:22.330000,27,22,61,14,14,8,0.49384441952991515,0.2855730880830078,0,0.5,OFF,OFF,OFF,OFF,OFF,OFF,OFF,43.92156862745098,58.281,-256,-256,-256,59.437,57.968,57.312,57.312,59.437,3361,3288,9999,OFF,25W
2025-11-18 16:37:22.762780,3:15:23.340000,10,2,5,22,6,65,0.4939402840768988,0.2855730880830078,0,75.7,OFF,OFF,OFF,OFF,OFF,OFF,OFF,43.92156862745098,58.187,-256,-256,-256,59.812,58.0,57.25,57.25,59.812,3401,3565,10537,OFF,25W
2025-11-18 16:37:23.770750,3:15:24.340000,5,3,2,4,8,78,0.4936690950643087,0.2855730880830078,0,42.3,OFF,OFF,OFF,OFF,OFF,OFF,OFF,43.92156862745098,58.218,-256,-256,-256,59.718,58.031,57.125,57.218,59.718,3751,3599,11092,OFF,25W
2025-11-18 16:37:24.772726,3:15:25.340000,4,4,5,3,4,81,0.49369985374248526,0.2855730880830078,0,63.5,OFF,OFF,OFF,OFF,OFF,OFF,OFF,43.92156862745098,58.343,-256,-256,-256,59.718,57.968,57.062,57.406,59.718,3869,3599,11171,OFF,25W
2025-11-18 16:37:25.762194,3:15:26.340000,8,3,6,4,34,47,0.49369985374248526,0.2855730880830078,0,77.5,OFF,OFF,OFF,OFF,OFF,OFF,OFF,43.92156862745098,58.687,-256,-256,-256,59.875,57.812,57.187,57.312,59.875,3948,3678,11272,OFF,25W
2025-11-18 16:37:26.798565,3:15:27.340000,9,6,8,7,37,50,0.4937321503545707,0.2855730880830078,0,5.6,OFF,OFF,OFF,OFF,OFF,OFF,OFF,43.92156862745098,58.093,-256,-256,-256,59.156,57.875,57.156,57.156,59.156,2931,3134,9364,OFF,25W
2025-11-18 16:37:27.761596,3:15:28.340000,11,17,27,54,14,9,0.4941678982954053,0.2855730880830078,0,76.0,OFF,OFF,OFF,OFF,OFF,OFF,OFF,43.92156862745098,58.156,-256,-256,-256,59.406,57.75,57.0,57.125,59.406,3010,3050,9523,OFF,25W
2025-11-18 16:37:28.774016,3:15:29.340000,8,56,9,2,7,15,0.4940423003595177,0.2855730880830078,0,77.3,OFF,OFF,OFF,OFF,OFF,OFF,OFF,42.35294117647059,57.937,-256,-256,-256,59.656,57.75,56.937,57.093,59.5,3441,3559,10735,OFF,25W
2025-11-18 16:37:29.768961,3:15:30.340000,11,10,10,12,9,78,0.4944534413578111,0.2855730880830078,0,75.2,OFF,OFF,OFF,OFF,OFF,OFF,OFF,42.35294117647059,58.406,-256,-256,-256,59.656,57.812,57.0,57.187,59.656,3632,3599,10973,OFF,25W
2025-11-18 16:37:30.776098,3:15:31.340000,17,69,7,4,3,11,0.49486048119901427,0.2855730880830078,0,71.8,OFF,OFF,OFF,OFF,OFF,OFF,OFF,42.35294117647059,58.812,-256,-256,-256,59.625,58.0,56.968,57.25,59.625,3988,3678,11409,OFF,25W
2025-11-18 16:37:31.784931,3:15:32.340000,9,31,7,6,21,40,0.49505426087152665,0.2855730880830078,0,52.8,OFF,OFF,OFF,OFF,OFF,OFF,OFF,42.35294117647059,58.031,-256,-256,-256,59.093,57.781,56.937,57.031,59.093,3361,3446,10316,OFF,25W
2025-11-18 16:37:32.779272,3:15:33.350000,40,24,14,40,11,13,0.49523624971740465,0.2855730880830078,0,72.0,OFF,OFF,OFF,OFF,OFF,OFF,OFF,42.35294117647059,57.75,-256,-256,-256,59.187,57.687,56.75,56.781,59.0,2773,2579,8664,OFF,25W
2025-11-18 16:37:33.782631,3:15:34.350000,28,8,57,5,2,3,0.49494660549790864,0.2855730880830078,0,73.9,OFF,OFF,OFF,OFF,OFF,OFF,OFF,42.35294117647059,58.093,-256,-256,-256,59.562,57.687,56.875,56.968,59.562,3361,3559,10656,OFF,25W
2025-11-18 16:37:34.779986,3:15:35.350000,31,51,9,4,2,3,0.49501119872207944,0.2855730880830078,0,74.5,OFF,OFF,OFF,OFF,OFF,OFF,OFF,42.35294117647059,58.031,-256,-256,-256,59.468,57.625,56.875,57.093,59.468,4027,3757,11628,OFF,25W
2025-11-18 16:37:35.781152,3:15:36.350000,33,54,6,7,0,4,0.49513987252578473,0.2855730880830078,0,73.3,OFF,OFF,OFF,OFF,OFF,OFF,OFF,42.35294117647059,58.281,-256,-256,-256,59.468,57.593,56.812,57.062,59.468,3830,3717,11409,OFF,25W
2025-11-18 16:37:36.775086,3:15:37.350000,21,25,6,6,21,27,0.49507322872306886,0.2855730880830078,0,49.7,OFF,OFF,OFF,OFF,OFF,OFF,OFF,42.35294117647059,58.0,-256,-256,-256,59.343,57.75,56.781,56.937,59.5,3711,3599,11013,OFF,25W
2025-11-18 16:37:37.786498,3:15:38.350000,18,11,17,18,26,60,0.49459749450060464,0.2855730880830078,0,70.4,OFF,OFF,OFF,OFF,OFF,OFF,OFF,42.35294117647059,57.75,-256,-256,-256,59.343,57.562,56.75,56.906,59.343,3243,3406,10158,OFF,25W
2025-11-18 16:37:38.786270,3:15:39.350000,13,3,2,8,42,38,0.494564685243883,0.2855730880830078,0,75.9,OFF,OFF,OFF,OFF,OFF,OFF,OFF,42.35294117647059,58.0,-256,-256,-256,59.312,57.5,56.625,56.906,59.312,3514,3638,10894,OFF,25W
2025-11-18 16:37:39.787523,3:15:40.350000,13,3,12,8,0,67,0.49445446664708365,0.2855730880830078,0,41.0,OFF,OFF,OFF,OFF,OFF,OFF,OFF,42.35294117647059,57.937,-256,-256,-256,59.25,57.656,56.625,56.875,59.25,3520,3525,10617,OFF,25W
