timestamp,memory_used_mb,memory_total_mb,utilization_pct
0.30263400077819824,1,24576,0.004069010416666666
0.4163777828216553,1,24576,0.004069010416666666
0.514561653137207,1,24576,0.004069010416666666
0.6521182060241699,1,24576,0.004069010416666666
0.7683813571929932,1,24576,0.004069010416666666
0.8670976161956787,1,24576,0.004069010416666666
0.9829299449920654,1,24576,0.004069010416666666
1.0805714130401611,1,24576,0.004069010416666666
1.1792809963226318,1,24576,0.004069010416666666
1.2374663352966309,1,24576,0.004069010416666666
1.3803279399871826,1,24576,0.004069010416666666
1.4795057773590088,1,24576,0.004069010416666666
1.5789599418640137,1,24576,0.004069010416666666
1.6386702060699463,1,24576,0.004069010416666666
1.7354652881622314,1,24576,0.004069010416666666
1.7920172214508057,1,24576,0.004069010416666666
1.9301979541778564,1,24576,0.004069010416666666
2.0308034420013428,1,24576,0.004069010416666666
2.0986320972442627,1,24576,0.004069010416666666
2.157801866531372,1,24576,0.004069010416666666
2.2537176609039307,4,24576,0.016276041666666664
2.4389350414276123,14,24576,0.056966145833333336
2.5408668518066406,14,24576,0.056966145833333336
2.646252393722534,166,24576,0.6754557291666667
2.7462050914764404,166,24576,0.6754557291666667
2.84086537361145,166,24576,0.6754557291666667
2.9486804008483887,166,24576,0.6754557291666667
3.0497827529907227,166,24576,0.6754557291666667
3.115363597869873,166,24576,0.6754557291666667
3.1993746757507324,166,24576,0.6754557291666667
3.2977795600891113,166,24576,0.6754557291666667
3.3891355991363525,166,24576,0.6754557291666667
3.457216262817383,166,24576,0.6754557291666667
3.5344250202178955,166,24576,0.6754557291666667
3.6294994354248047,166,24576,0.6754557291666667
3.712172508239746,166,24576,0.6754557291666667
3.7822792530059814,166,24576,0.6754557291666667
3.8842408657073975,166,24576,0.6754557291666667
3.9713072776794434,166,24576,0.6754557291666667
4.028772354125977,166,24576,0.6754557291666667
4.101410150527954,166,24576,0.6754557291666667
4.160019636154175,166,24576,0.6754557291666667
4.250114917755127,166,24576,0.6754557291666667
4.320842742919922,166,24576,0.6754557291666667
4.406505107879639,166,24576,0.6754557291666667
4.481281280517578,166,24576,0.6754557291666667
4.537265300750732,166,24576,0.6754557291666667
4.635190486907959,166,24576,0.6754557291666667
4.725783824920654,166,24576,0.6754557291666667
4.81921911239624,166,24576,0.6754557291666667
4.878360986709595,166,24576,0.6754557291666667
4.985658645629883,166,24576,0.6754557291666667
5.043535470962524,166,24576,0.6754557291666667
5.112527847290039,166,24576,0.6754557291666667
5.177282810211182,166,24576,0.6754557291666667
5.234538316726685,166,24576,0.6754557291666667
5.342328071594238,166,24576,0.6754557291666667
5.415231466293335,166,24576,0.6754557291666667
5.490602493286133,166,24576,0.6754557291666667
5.579746246337891,166,24576,0.6754557291666667
5.678788185119629,166,24576,0.6754557291666667
5.7702155113220215,166,24576,0.6754557291666667
5.84895133972168,166,24576,0.6754557291666667
5.921540975570679,166,24576,0.6754557291666667
6.025315761566162,166,24576,0.6754557291666667
6.095159530639648,166,24576,0.6754557291666667
6.155538320541382,166,24576,0.6754557291666667
6.254630088806152,166,24576,0.6754557291666667
6.3601391315460205,166,24576,0.6754557291666667
6.419459581375122,166,24576,0.6754557291666667
6.544658422470093,166,24576,0.6754557291666667
6.603575229644775,166,24576,0.6754557291666667
6.7146947383880615,166,24576,0.6754557291666667
6.8010828495025635,230,24576,0.9358723958333334
6.902290105819702,454,24576,1.8473307291666667
6.99663782119751,646,24576,2.628580729166667
7.072870492935181,806,24576,3.2796223958333335
7.146785259246826,966,24576,3.9306640625
7.223904371261597,1094,24576,4.451497395833334
7.308867931365967,1254,24576,5.1025390625
7.411282062530518,1350,24576,5.4931640625
7.468658685684204,1510,24576,6.144205729166666
7.564446926116943,1766,24576,7.185872395833333
7.667643070220947,1862,24576,7.576497395833333
7.765158653259277,1862,24576,7.576497395833333
7.853457927703857,1862,24576,7.576497395833333
7.935178995132446,1862,24576,7.576497395833333
8.056773900985718,1862,24576,7.576497395833333
8.119057655334473,1862,24576,7.576497395833333
8.174820899963379,1862,24576,7.576497395833333
8.237439393997192,1862,24576,7.576497395833333
8.310534238815308,1862,24576,7.576497395833333
8.384637117385864,1862,24576,7.576497395833333
8.440891981124878,1862,24576,7.576497395833333
8.51190447807312,1862,24576,7.576497395833333
8.573309659957886,1862,24576,7.576497395833333
8.630324363708496,1862,24576,7.576497395833333
8.687716722488403,1862,24576,7.576497395833333
8.74387001991272,1862,24576,7.576497395833333
8.81650686264038,1862,24576,7.576497395833333
8.889203786849976,1862,24576,7.576497395833333
8.945083856582642,1862,24576,7.576497395833333
9.01811671257019,1862,24576,7.576497395833333
9.09667181968689,1862,24576,7.576497395833333
9.180187463760376,1862,24576,7.576497395833333
9.246371030807495,1862,24576,7.576497395833333
9.32026743888855,1862,24576,7.576497395833333
9.401671648025513,1862,24576,7.576497395833333
9.459922552108765,1862,24576,7.576497395833333
9.546444177627563,1862,24576,7.576497395833333
9.602818965911865,1862,24576,7.576497395833333
9.660418510437012,1862,24576,7.576497395833333
9.764243364334106,1862,24576,7.576497395833333
9.847853183746338,1862,24576,7.576497395833333
9.917158126831055,1862,24576,7.576497395833333
10.016231536865234,1862,24576,7.576497395833333
10.095832824707031,1862,24576,7.576497395833333
10.152409553527832,1874,24576,7.625325520833333
10.259123086929321,1876,24576,7.633463541666667
10.350447654724121,2068,24576,8.414713541666668
10.419121503829956,1780,24576,7.242838541666667
10.506000518798828,2068,24576,8.414713541666668
10.588855743408203,1908,24576,7.763671875
10.664552927017212,1908,24576,7.763671875
10.75120234489441,1940,24576,7.893880208333333
10.856401920318604,1940,24576,7.893880208333333
10.935932397842407,1940,24576,7.893880208333333
11.009707927703857,1972,24576,8.024088541666668
11.087368488311768,2068,24576,8.414713541666668
11.141970157623291,2036,24576,8.284505208333332
11.22243618965149,2036,24576,8.284505208333332
11.272242546081543,2036,24576,8.284505208333332
11.35163140296936,2036,24576,8.284505208333332
11.407486915588379,2036,24576,8.284505208333332
11.482513189315796,2036,24576,8.284505208333332
11.559962272644043,2036,24576,8.284505208333332
11.614495992660522,2036,24576,8.284505208333332
11.670214653015137,2036,24576,8.284505208333332
11.765926361083984,2036,24576,8.284505208333332
11.825892448425293,2036,24576,8.284505208333332
11.886464595794678,2004,24576,8.154296875
11.942376136779785,2036,24576,8.284505208333332
12.038576126098633,2196,24576,8.935546875
12.115722179412842,1972,24576,8.024088541666668
12.269631385803223,1908,24576,7.763671875
12.348227262496948,1908,24576,7.763671875
12.424427270889282,1908,24576,7.763671875
12.521811485290527,1908,24576,7.763671875
12.603862047195435,1908,24576,7.763671875
12.683130502700806,1908,24576,7.763671875
12.740832805633545,1908,24576,7.763671875
12.80026650428772,1908,24576,7.763671875
12.859194993972778,1908,24576,7.763671875
12.919625043869019,1908,24576,7.763671875
12.97875452041626,1908,24576,7.763671875
13.037547588348389,1908,24576,7.763671875
13.11828351020813,1908,24576,7.763671875
13.176866292953491,1908,24576,7.763671875
13.269956827163696,2196,24576,8.935546875
13.349166631698608,2196,24576,8.935546875
13.419900178909302,2196,24576,8.935546875
13.495822429656982,2196,24576,8.935546875
13.552587747573853,2196,24576,8.935546875
13.626932382583618,1908,24576,7.763671875
13.702387809753418,1908,24576,7.763671875
13.760015964508057,1908,24576,7.763671875
13.83678412437439,1908,24576,7.763671875
13.897411346435547,1908,24576,7.763671875
13.979660034179688,1908,24576,7.763671875
14.056165933609009,1908,24576,7.763671875
14.114121675491333,1908,24576,7.763671875
14.17195177078247,1908,24576,7.763671875
14.23157262802124,1908,24576,7.763671875
14.291370153427124,1908,24576,7.763671875
14.350790023803711,1908,24576,7.763671875
14.412010192871094,1908,24576,7.763671875
14.509571075439453,1908,24576,7.763671875
14.573089122772217,1908,24576,7.763671875
14.632472276687622,1908,24576,7.763671875
14.730790853500366,1908,24576,7.763671875
14.79059648513794,1908,24576,7.763671875
14.846548080444336,1908,24576,7.763671875
14.926114559173584,1908,24576,7.763671875
14.990830659866333,1908,24576,7.763671875
15.089843273162842,1908,24576,7.763671875
15.149214744567871,1908,24576,7.763671875
15.226505994796753,1908,24576,7.763671875
15.316174983978271,2196,24576,8.935546875
15.40576982498169,2196,24576,8.935546875
15.45233941078186,2196,24576,8.935546875
15.559560298919678,1908,24576,7.763671875
15.63649296760559,2196,24576,8.935546875
15.715839624404907,1908,24576,7.763671875
15.77323842048645,1908,24576,7.763671875
15.831035852432251,1908,24576,7.763671875
15.909507274627686,1908,24576,7.763671875
15.968569993972778,1908,24576,7.763671875
16.026684522628784,1908,24576,7.763671875
16.088958501815796,1908,24576,7.763671875
16.149320363998413,1908,24576,7.763671875
16.20800495147705,1908,24576,7.763671875
16.26707434654236,1908,24576,7.763671875
16.32614278793335,1908,24576,7.763671875
16.40657067298889,1908,24576,7.763671875
16.48592710494995,1908,24576,7.763671875
16.54412007331848,1908,24576,7.763671875
16.601799249649048,1908,24576,7.763671875
16.690154314041138,1908,24576,7.763671875
16.772567749023438,1908,24576,7.763671875
16.873270750045776,1908,24576,7.763671875
16.97228193283081,1908,24576,7.763671875
17.053623914718628,1908,24576,7.763671875
17.13535714149475,1908,24576,7.763671875
17.236825227737427,1908,24576,7.763671875
17.295632123947144,2196,24576,8.935546875
17.401533126831055,2196,24576,8.935546875
17.475157737731934,1908,24576,7.763671875
17.55507516860962,1908,24576,7.763671875
17.61003351211548,1908,24576,7.763671875
17.712413787841797,1908,24576,7.763671875
17.769654989242554,1908,24576,7.763671875
17.85067057609558,1908,24576,7.763671875
17.91022801399231,1908,24576,7.763671875
17.968544483184814,1908,24576,7.763671875
18.032875776290894,1908,24576,7.763671875
18.09467101097107,1908,24576,7.763671875
18.156506061553955,1908,24576,7.763671875
18.23458433151245,1908,24576,7.763671875
18.314656734466553,1908,24576,7.763671875
18.422067880630493,1908,24576,7.763671875
18.47877287864685,1908,24576,7.763671875
18.580925703048706,1908,24576,7.763671875
18.639193773269653,1908,24576,7.763671875
18.698432683944702,1908,24576,7.763671875
18.79905390739441,1908,24576,7.763671875
18.85848116874695,1908,24576,7.763671875
18.915100574493408,1908,24576,7.763671875
18.991614818572998,1908,24576,7.763671875
19.050918579101562,1908,24576,7.763671875
19.132714986801147,1908,24576,7.763671875
19.231061935424805,1908,24576,7.763671875
19.35274314880371,2164,24576,8.805338541666668
19.448275804519653,2196,24576,8.935546875
19.505746126174927,2196,24576,8.935546875
19.572341442108154,1908,24576,7.763671875
19.632218599319458,2196,24576,8.935546875
19.688311338424683,2196,24576,8.935546875
19.746156215667725,1910,24576,7.771809895833333
19.80133557319641,1910,24576,7.771809895833333
19.85724186897278,1910,24576,7.771809895833333
19.912774562835693,1910,24576,7.771809895833333
19.970139026641846,1910,24576,7.771809895833333
20.026509046554565,1910,24576,7.771809895833333
20.083990573883057,1910,24576,7.771809895833333
20.141801595687866,1910,24576,7.771809895833333
20.201611042022705,1910,24576,7.771809895833333
20.260269165039062,1910,24576,7.771809895833333
20.31915593147278,1910,24576,7.771809895833333
20.376208066940308,1910,24576,7.771809895833333
20.453296422958374,1910,24576,7.771809895833333
20.51425790786743,1910,24576,7.771809895833333
20.576560974121094,1910,24576,7.771809895833333
20.65583562850952,1910,24576,7.771809895833333
20.737271547317505,1910,24576,7.771809895833333
20.794655323028564,1910,24576,7.771809895833333
20.872839212417603,1910,24576,7.771809895833333
20.93121576309204,1910,24576,7.771809895833333
21.02755331993103,1910,24576,7.771809895833333
21.10668683052063,1910,24576,7.771809895833333
21.16289782524109,1910,24576,7.771809895833333
21.223427772521973,1910,24576,7.771809895833333
21.30160665512085,2198,24576,8.943684895833332
21.40646243095398,1910,24576,7.771809895833333
21.53220248222351,2198,24576,8.943684895833332
21.589545965194702,1942,24576,7.902018229166667
21.64525818824768,1910,24576,7.771809895833333
21.703458786010742,1910,24576,7.771809895833333
21.758646726608276,1910,24576,7.771809895833333
21.814654111862183,1910,24576,7.771809895833333
21.87393569946289,1910,24576,7.771809895833333
21.931564331054688,1910,24576,7.771809895833333
21.993765830993652,1910,24576,7.771809895833333
22.051181077957153,1910,24576,7.771809895833333
22.109456300735474,1910,24576,7.771809895833333
22.168771266937256,1910,24576,7.771809895833333
22.227874279022217,1910,24576,7.771809895833333
22.284677982330322,1910,24576,7.771809895833333
22.343558073043823,1910,24576,7.771809895833333
22.400721549987793,1910,24576,7.771809895833333
22.482733249664307,1910,24576,7.771809895833333
22.54109025001526,1910,24576,7.771809895833333
22.61777114868164,1910,24576,7.771809895833333
22.6768581867218,1910,24576,7.771809895833333
22.736606121063232,1910,24576,7.771809895833333
22.818767309188843,1910,24576,7.771809895833333
22.878182888031006,1910,24576,7.771809895833333
22.93680238723755,1910,24576,7.771809895833333
23.037100076675415,1910,24576,7.771809895833333
23.096291303634644,1910,24576,7.771809895833333
23.15588068962097,1910,24576,7.771809895833333
23.215538501739502,1910,24576,7.771809895833333
23.293560028076172,2198,24576,8.943684895833332
23.393055200576782,1942,24576,7.902018229166667
23.451773405075073,2198,24576,8.943684895833332
23.507007122039795,1974,24576,8.0322265625
23.56138515472412,1910,24576,7.771809895833333
23.629703760147095,2198,24576,8.943684895833332
23.686803579330444,2198,24576,8.943684895833332
23.742541074752808,1910,24576,7.771809895833333
23.799031972885132,2070,24576,8.4228515625
23.85420322418213,1942,24576,7.902018229166667
23.906356811523438,2070,24576,8.4228515625
23.96159029006958,2070,24576,8.4228515625
24.017738580703735,2038,24576,8.292643229166668
24.07405161857605,1910,24576,7.771809895833333
24.130316495895386,2198,24576,8.943684895833332
24.185855388641357,1942,24576,7.902018229166667
24.246131420135498,1910,24576,7.771809895833333
24.302940845489502,1910,24576,7.771809895833333
24.358426809310913,1910,24576,7.771809895833333
24.417773008346558,1910,24576,7.771809895833333
24.4979727268219,1910,24576,7.771809895833333
24.60072922706604,1910,24576,7.771809895833333
24.663262605667114,1910,24576,7.771809895833333
24.741408348083496,1910,24576,7.771809895833333
24.83745503425598,1910,24576,7.771809895833333
24.895166635513306,1910,24576,7.771809895833333
24.95344042778015,1910,24576,7.771809895833333
25.01289391517639,1910,24576,7.771809895833333
25.092885494232178,1910,24576,7.771809895833333
25.17372155189514,1910,24576,7.771809895833333
25.23242163658142,1910,24576,7.771809895833333
25.289708137512207,1910,24576,7.771809895833333
25.374512195587158,2038,24576,8.292643229166668
25.456441164016724,2198,24576,8.943684895833332
25.505035400390625,2198,24576,8.943684895833332
25.562551975250244,1910,24576,7.771809895833333
25.618669509887695,1910,24576,7.771809895833333
25.673229455947876,2198,24576,8.943684895833332
25.728212356567383,1974,24576,8.0322265625
25.782060146331787,1910,24576,7.771809895833333
25.83894634246826,1910,24576,7.771809895833333
25.895448207855225,1910,24576,7.771809895833333
25.95529842376709,1910,24576,7.771809895833333
26.01471996307373,1910,24576,7.771809895833333
26.07111358642578,1910,24576,7.771809895833333
26.128968715667725,1910,24576,7.771809895833333
26.18632459640503,1910,24576,7.771809895833333
26.24490451812744,1910,24576,7.771809895833333
26.30536675453186,1910,24576,7.771809895833333
26.367035388946533,1910,24576,7.771809895833333
26.427176237106323,1910,24576,7.771809895833333
26.506946563720703,1910,24576,7.771809895833333
26.590413093566895,1910,24576,7.771809895833333
26.67441177368164,1910,24576,7.771809895833333
26.755515575408936,1910,24576,7.771809895833333
26.857961654663086,1910,24576,7.771809895833333
26.962369441986084,1910,24576,7.771809895833333
27.021228551864624,1910,24576,7.771809895833333
27.098677396774292,1910,24576,7.771809895833333
27.155471086502075,1910,24576,7.771809895833333
27.2142174243927,1910,24576,7.771809895833333
27.293301343917847,2198,24576,8.943684895833332
27.431138038635254,2198,24576,8.943684895833332
27.49727773666382,2006,24576,8.162434895833332
27.576004028320312,1910,24576,7.771809895833333
27.633938550949097,1910,24576,7.771809895833333
27.731683492660522,1910,24576,7.771809895833333
27.808029890060425,1910,24576,7.771809895833333
27.866167783737183,1910,24576,7.771809895833333
27.925331830978394,1910,24576,7.771809895833333
27.98431968688965,1910,24576,7.771809895833333
28.041402578353882,1910,24576,7.771809895833333
28.119385719299316,1910,24576,7.771809895833333
28.17876958847046,1910,24576,7.771809895833333
28.284300565719604,1910,24576,7.771809895833333
28.342711448669434,1910,24576,7.771809895833333
28.42415690422058,1910,24576,7.771809895833333
28.50587773323059,1910,24576,7.771809895833333
28.584484577178955,1910,24576,7.771809895833333
28.682714223861694,1910,24576,7.771809895833333
28.739547729492188,1910,24576,7.771809895833333
28.798487901687622,1910,24576,7.771809895833333
28.876846075057983,1910,24576,7.771809895833333
28.934914350509644,1910,24576,7.771809895833333
29.014365434646606,1910,24576,7.771809895833333
29.071207761764526,1910,24576,7.771809895833333
29.13061809539795,1910,24576,7.771809895833333
29.214093446731567,1910,24576,7.771809895833333
29.27279496192932,1910,24576,7.771809895833333
29.365123510360718,2198,24576,8.943684895833332
29.44632601737976,2198,24576,8.943684895833332
29.49265193939209,2198,24576,8.943684895833332
29.548621654510498,1910,24576,7.771809895833333
29.604278087615967,1910,24576,7.771809895833333
29.65833854675293,1910,24576,7.771809895833333
29.71423101425171,1942,24576,7.902018229166667
29.770065546035767,1942,24576,7.902018229166667
29.82655692100525,1942,24576,7.902018229166667
29.882858514785767,1974,24576,8.0322265625
29.937637329101562,1910,24576,7.771809895833333
29.99342942237854,1910,24576,7.771809895833333
30.050673961639404,1910,24576,7.771809895833333
30.10770297050476,1910,24576,7.771809895833333
30.165387868881226,1910,24576,7.771809895833333
30.224987030029297,1910,24576,7.771809895833333
30.283448696136475,1910,24576,7.771809895833333
30.34320592880249,1910,24576,7.771809895833333
30.405446767807007,1910,24576,7.771809895833333
30.462617874145508,1910,24576,7.771809895833333
30.519111156463623,1910,24576,7.771809895833333
30.62309718132019,1910,24576,7.771809895833333
30.703593254089355,1910,24576,7.771809895833333
30.78339672088623,1910,24576,7.771809895833333
30.84273910522461,1910,24576,7.771809895833333
30.92134952545166,1910,24576,7.771809895833333
30.999963760375977,1910,24576,7.771809895833333
31.10033655166626,1910,24576,7.771809895833333
31.178752899169922,1910,24576,7.771809895833333
31.237567901611328,1910,24576,7.771809895833333
31.29597806930542,1910,24576,7.771809895833333
31.35496973991394,2198,24576,8.943684895833332
31.444169759750366,2198,24576,8.943684895833332
31.479463577270508,2166,24576,8.8134765625
31.577279567718506,1910,24576,7.771809895833333
31.632566213607788,1910,24576,7.771809895833333
31.68936276435852,1942,24576,7.902018229166667
31.746477603912354,1942,24576,7.902018229166667
31.80311918258667,1942,24576,7.902018229166667
31.859055757522583,1942,24576,7.902018229166667
31.916626453399658,1974,24576,8.0322265625
31.973224639892578,2070,24576,8.4228515625
32.02873635292053,2070,24576,8.4228515625
32.085529804229736,1910,24576,7.771809895833333
32.14294099807739,1910,24576,7.771809895833333
32.19917702674866,1910,24576,7.771809895833333
32.25689482688904,1910,24576,7.771809895833333
32.31466627120972,1910,24576,7.771809895833333
32.370646953582764,1910,24576,7.771809895833333
32.42741274833679,1910,24576,7.771809895833333
32.509175062179565,1910,24576,7.771809895833333
32.5690438747406,1910,24576,7.771809895833333
32.64569115638733,1910,24576,7.771809895833333
32.705647468566895,1910,24576,7.771809895833333
32.764649868011475,1910,24576,7.771809895833333
32.82296562194824,1910,24576,7.771809895833333
32.884310483932495,1910,24576,7.771809895833333
32.96431040763855,1910,24576,7.771809895833333
33.06419801712036,1910,24576,7.771809895833333
33.12316679954529,1910,24576,7.771809895833333
33.204986810684204,1910,24576,7.771809895833333
33.26454305648804,1910,24576,7.771809895833333
33.34167957305908,2198,24576,8.943684895833332
33.45370078086853,1910,24576,7.771809895833333
33.494399309158325,2198,24576,8.943684895833332
33.545708894729614,1974,24576,8.0322265625
33.59916400909424,1910,24576,7.771809895833333
33.65424084663391,1910,24576,7.771809895833333
33.70976138114929,1942,24576,7.902018229166667
33.766019105911255,1910,24576,7.771809895833333
33.8222770690918,2070,24576,8.4228515625
33.87958526611328,2038,24576,8.292643229166668
33.9429235458374,2038,24576,8.292643229166668
33.999555826187134,1910,24576,7.771809895833333
34.05619478225708,1910,24576,7.771809895833333
34.112708568573,1910,24576,7.771809895833333
34.17207193374634,1910,24576,7.771809895833333
34.23306751251221,1910,24576,7.771809895833333
34.2885639667511,1910,24576,7.771809895833333
34.34742593765259,1910,24576,7.771809895833333
34.40671396255493,1910,24576,7.771809895833333
34.46656632423401,1910,24576,7.771809895833333
34.56599497795105,1910,24576,7.771809895833333
34.646337032318115,1910,24576,7.771809895833333
34.74664545059204,1910,24576,7.771809895833333
34.80288362503052,1910,24576,7.771809895833333
34.88188552856445,1910,24576,7.771809895833333
34.941455125808716,1910,24576,7.771809895833333
35.00537610054016,1910,24576,7.771809895833333
35.082735538482666,1910,24576,7.771809895833333
35.166810274124146,1910,24576,7.771809895833333
35.24614858627319,1910,24576,7.771809895833333
35.34509992599487,2198,24576,8.943684895833332
35.4410445690155,1910,24576,7.771809895833333
35.47706174850464,2198,24576,8.943684895833332
35.53487515449524,1942,24576,7.902018229166667
35.59310603141785,1910,24576,7.771809895833333
35.64884305000305,2198,24576,8.943684895833332
35.70628881454468,2198,24576,8.943684895833332
35.76249957084656,1942,24576,7.902018229166667
35.81832551956177,1942,24576,7.902018229166667
35.87565517425537,1942,24576,7.902018229166667
35.933669567108154,2038,24576,8.292643229166668
35.98969078063965,2038,24576,8.292643229166668
36.046916007995605,2070,24576,8.4228515625
36.10568189620972,2070,24576,8.4228515625
36.16087579727173,2070,24576,8.4228515625
36.216567516326904,1974,24576,8.0322265625
36.27169370651245,1942,24576,7.902018229166667
36.32806324958801,1942,24576,7.902018229166667
36.383227825164795,1942,24576,7.902018229166667
36.44185543060303,1974,24576,8.0322265625
36.542731523513794,1942,24576,7.902018229166667
36.598583936691284,1910,24576,7.771809895833333
36.69467782974243,1910,24576,7.771809895833333
36.752219915390015,1910,24576,7.771809895833333
36.82857942581177,1910,24576,7.771809895833333
36.88859963417053,1910,24576,7.771809895833333
36.94774293899536,1910,24576,7.771809895833333
37.02622079849243,1910,24576,7.771809895833333
37.084863901138306,1910,24576,7.771809895833333
37.16458177566528,1910,24576,7.771809895833333
37.224597692489624,1910,24576,7.771809895833333
37.2847900390625,1910,24576,7.771809895833333
37.34819173812866,2198,24576,8.943684895833332
37.45408535003662,1910,24576,7.771809895833333
37.50141930580139,2198,24576,8.943684895833332
37.55729627609253,1942,24576,7.902018229166667
37.61470913887024,1910,24576,7.771809895833333
37.671637296676636,1910,24576,7.771809895833333
37.72599196434021,1910,24576,7.771809895833333
37.78435444831848,1910,24576,7.771809895833333
37.84309101104736,1910,24576,7.771809895833333
37.90266966819763,1910,24576,7.771809895833333
37.96214771270752,1910,24576,7.771809895833333
38.01954698562622,1910,24576,7.771809895833333
38.07979440689087,1910,24576,7.771809895833333
38.14217948913574,1910,24576,7.771809895833333
38.20223522186279,1910,24576,7.771809895833333
38.26280117034912,1910,24576,7.771809895833333
38.32278609275818,1910,24576,7.771809895833333
38.381136894226074,1910,24576,7.771809895833333
38.43977737426758,1910,24576,7.771809895833333
38.49844479560852,1910,24576,7.771809895833333
38.57758808135986,1910,24576,7.771809895833333
38.65728545188904,1910,24576,7.771809895833333
38.75306224822998,1910,24576,7.771809895833333
38.83077073097229,1910,24576,7.771809895833333
38.910725355148315,1910,24576,7.771809895833333
39.01371932029724,1910,24576,7.771809895833333
39.09363532066345,1910,24576,7.771809895833333
39.17373013496399,1910,24576,7.771809895833333
39.256771087646484,1910,24576,7.771809895833333
39.35943794250488,2198,24576,8.943684895833332
39.468308448791504,2198,24576,8.943684895833332
39.526763677597046,2198,24576,8.943684895833332
39.58215260505676,1910,24576,7.771809895833333
39.63946795463562,1910,24576,7.771809895833333
39.69678330421448,1910,24576,7.771809895833333
39.75195288658142,1910,24576,7.771809895833333
39.81192445755005,1910,24576,7.771809895833333
39.86938500404358,1910,24576,7.771809895833333
39.9262330532074,1910,24576,7.771809895833333
39.98633432388306,1910,24576,7.771809895833333
40.04761815071106,1910,24576,7.771809895833333
40.10667419433594,1910,24576,7.771809895833333
40.1669135093689,1910,24576,7.771809895833333
40.229278802871704,1910,24576,7.771809895833333
40.288409948349,1910,24576,7.771809895833333
40.34817624092102,1910,24576,7.771809895833333
40.40825414657593,1910,24576,7.771809895833333
40.467735290527344,1910,24576,7.771809895833333
40.54570031166077,1910,24576,7.771809895833333
40.62461304664612,1910,24576,7.771809895833333
40.68248748779297,1910,24576,7.771809895833333
40.74529576301575,1910,24576,7.771809895833333
40.83183574676514,1910,24576,7.771809895833333
40.892773389816284,1910,24576,7.771809895833333
40.969924211502075,1910,24576,7.771809895833333
41.054516077041626,1910,24576,7.771809895833333
41.13759636878967,1910,24576,7.771809895833333
41.217970848083496,1910,24576,7.771809895833333
41.27716040611267,1910,24576,7.771809895833333
41.357738971710205,2198,24576,8.943684895833332
41.4563307762146,1910,24576,7.771809895833333
41.49983835220337,1942,24576,7.902018229166667
41.6137797832489,1910,24576,7.771809895833333
41.671849489212036,1910,24576,7.771809895833333
41.728551387786865,1910,24576,7.771809895833333
41.78489851951599,1910,24576,7.771809895833333
41.84356617927551,1910,24576,7.771809895833333
41.90394139289856,1910,24576,7.771809895833333
41.963188886642456,1910,24576,7.771809895833333
42.02111577987671,1910,24576,7.771809895833333
42.077163219451904,1910,24576,7.771809895833333
42.136781454086304,1910,24576,7.771809895833333
42.194072008132935,1910,24576,7.771809895833333
42.25320482254028,1910,24576,7.771809895833333
42.31307864189148,1910,24576,7.771809895833333
42.37126159667969,1910,24576,7.771809895833333
42.43050742149353,1910,24576,7.771809895833333
42.48617696762085,1910,24576,7.771809895833333
42.57138109207153,1910,24576,7.771809895833333
42.62944960594177,1910,24576,7.771809895833333
42.70658349990845,1910,24576,7.771809895833333
42.76569628715515,1910,24576,7.771809895833333
42.84785580635071,1910,24576,7.771809895833333
42.92633891105652,1910,24576,7.771809895833333
43.00594711303711,1910,24576,7.771809895833333
43.08503079414368,1910,24576,7.771809895833333
43.16934156417847,1910,24576,7.771809895833333
43.245906829833984,1910,24576,7.771809895833333
43.324636459350586,2198,24576,8.943684895833332
43.4089994430542,2198,24576,8.943684895833332
43.47852349281311,2198,24576,8.943684895833332
43.527645111083984,2198,24576,8.943684895833332
43.582881927490234,1910,24576,7.771809895833333
43.63874626159668,1910,24576,7.771809895833333
43.694653272628784,1910,24576,7.771809895833333
43.7518253326416,1910,24576,7.771809895833333
43.80665636062622,1910,24576,7.771809895833333
43.86370086669922,1910,24576,7.771809895833333
43.92168927192688,1910,24576,7.771809895833333
43.978590965270996,1910,24576,7.771809895833333
44.03845930099487,1910,24576,7.771809895833333
44.097174882888794,1910,24576,7.771809895833333
44.154502391815186,1910,24576,7.771809895833333
44.21295881271362,1910,24576,7.771809895833333
44.2732994556427,1910,24576,7.771809895833333
44.331525802612305,1910,24576,7.771809895833333
44.39056420326233,1910,24576,7.771809895833333
44.450740575790405,1910,24576,7.771809895833333
44.53209948539734,1910,24576,7.771809895833333
44.590571641922,1910,24576,7.771809895833333
44.64860248565674,1910,24576,7.771809895833333
44.70708107948303,1910,24576,7.771809895833333
44.7837495803833,1910,24576,7.771809895833333
44.8426833152771,1910,24576,7.771809895833333
44.92113423347473,1910,24576,7.771809895833333
44.99677658081055,1910,24576,7.771809895833333
45.05706024169922,1910,24576,7.771809895833333
45.115859031677246,1910,24576,7.771809895833333
45.19347429275513,1910,24576,7.771809895833333
45.26964211463928,1910,24576,7.771809895833333
45.349875926971436,2198,24576,8.943684895833332
45.45756793022156,1910,24576,7.771809895833333
45.50257706642151,2198,24576,8.943684895833332
45.5471715927124,2198,24576,8.943684895833332
45.600605726242065,1910,24576,7.771809895833333
45.65711259841919,1910,24576,7.771809895833333
45.71233534812927,1910,24576,7.771809895833333
45.76886582374573,1910,24576,7.771809895833333
45.82572531700134,1910,24576,7.771809895833333
45.88574004173279,1910,24576,7.771809895833333
45.9459125995636,1910,24576,7.771809895833333
46.00675106048584,1910,24576,7.771809895833333
46.06686592102051,1910,24576,7.771809895833333
46.12747311592102,1910,24576,7.771809895833333
46.189948081970215,1910,24576,7.771809895833333
46.247963666915894,1910,24576,7.771809895833333
46.31013584136963,1910,24576,7.771809895833333
46.36904239654541,1910,24576,7.771809895833333
46.428975105285645,1910,24576,7.771809895833333
46.49081492424011,1910,24576,7.771809895833333
46.59245824813843,1910,24576,7.771809895833333
46.67106890678406,1910,24576,7.771809895833333
46.73226547241211,1910,24576,7.771809895833333
46.811659812927246,1910,24576,7.771809895833333
46.91009998321533,1910,24576,7.771809895833333
46.96701526641846,1910,24576,7.771809895833333
47.04475998878479,1910,24576,7.771809895833333
47.12461853027344,1910,24576,7.771809895833333
47.18310332298279,1910,24576,7.771809895833333
47.241907835006714,1910,24576,7.771809895833333
47.30160570144653,1910,24576,7.771809895833333
47.380717515945435,2198,24576,8.943684895833332
47.47550582885742,2038,24576,8.292643229166668
47.51615571975708,2198,24576,8.943684895833332
47.56169581413269,2198,24576,8.943684895833332
47.615936279296875,1910,24576,7.771809895833333
47.67038440704346,1942,24576,7.902018229166667
47.728238582611084,1910,24576,7.771809895833333
47.78490328788757,1910,24576,7.771809895833333
47.843388080596924,1910,24576,7.771809895833333
47.90311670303345,1910,24576,7.771809895833333
47.963247537612915,1910,24576,7.771809895833333
48.02325510978699,1910,24576,7.771809895833333
48.0825412273407,1910,24576,7.771809895833333
48.14017295837402,1910,24576,7.771809895833333
48.19769239425659,1910,24576,7.771809895833333
48.25692820549011,1910,24576,7.771809895833333
48.31538963317871,1910,24576,7.771809895833333
48.375444173812866,1910,24576,7.771809895833333
48.435640811920166,1910,24576,7.771809895833333
48.49462056159973,1910,24576,7.771809895833333
48.59328365325928,1910,24576,7.771809895833333
48.65220642089844,1910,24576,7.771809895833333
48.72854447364807,1910,24576,7.771809895833333
48.79158663749695,1910,24576,7.771809895833333
48.87156796455383,1910,24576,7.771809895833333
48.955498933792114,1910,24576,7.771809895833333
49.03825306892395,1910,24576,7.771809895833333
49.0950562953949,1910,24576,7.771809895833333
49.192954778671265,1910,24576,7.771809895833333
49.25479245185852,1910,24576,7.771809895833333
49.31394004821777,1910,24576,7.771809895833333
49.37362813949585,2198,24576,8.943684895833332
49.48621392250061,2198,24576,8.943684895833332
49.54429626464844,2198,24576,8.943684895833332
49.5996630191803,1910,24576,7.771809895833333
49.65597438812256,1910,24576,7.771809895833333
49.71226644515991,1942,24576,7.902018229166667
49.76859450340271,1910,24576,7.771809895833333
49.827046394348145,1910,24576,7.771809895833333
49.88642120361328,1910,24576,7.771809895833333
49.9432692527771,1910,24576,7.771809895833333
50.003411293029785,1910,24576,7.771809895833333
50.06335425376892,1910,24576,7.771809895833333
50.12368822097778,1910,24576,7.771809895833333
50.18392062187195,1910,24576,7.771809895833333
50.24359488487244,1910,24576,7.771809895833333
50.30213117599487,1910,24576,7.771809895833333
50.36050367355347,1910,24576,7.771809895833333
50.417255878448486,1910,24576,7.771809895833333
50.47650098800659,1910,24576,7.771809895833333
50.534863233566284,1910,24576,7.771809895833333
50.61550235748291,1910,24576,7.771809895833333
50.69542217254639,1910,24576,7.771809895833333
50.796024322509766,1910,24576,7.771809895833333
50.874409198760986,1910,24576,7.771809895833333
50.93240523338318,1910,24576,7.771809895833333
51.01337194442749,1910,24576,7.771809895833333
51.08972668647766,1910,24576,7.771809895833333
51.16905999183655,1910,24576,7.771809895833333
51.22872591018677,1910,24576,7.771809895833333
51.330716133117676,2198,24576,8.943684895833332
51.441967248916626,2198,24576,8.943684895833332
51.50743126869202,2198,24576,8.943684895833332
51.547242403030396,2198,24576,8.943684895833332
51.60327458381653,1910,24576,7.771809895833333
51.662341356277466,1910,24576,7.771809895833333
51.720420122146606,1942,24576,7.902018229166667
51.77556777000427,1910,24576,7.771809895833333
51.83311367034912,1910,24576,7.771809895833333
51.88886785507202,1910,24576,7.771809895833333
51.948819160461426,1910,24576,7.771809895833333
52.009652614593506,1910,24576,7.771809895833333
52.07118272781372,1910,24576,7.771809895833333
52.13125443458557,1910,24576,7.771809895833333
52.1891610622406,1910,24576,7.771809895833333
52.24881052970886,1910,24576,7.771809895833333
52.306724309921265,1910,24576,7.771809895833333
52.36985778808594,1910,24576,7.771809895833333
52.428354024887085,1910,24576,7.771809895833333
52.486822843551636,1910,24576,7.771809895833333
52.570873975753784,1910,24576,7.771809895833333
52.62890958786011,1910,24576,7.771809895833333
52.68716812133789,1910,24576,7.771809895833333
52.78432321548462,1910,24576,7.771809895833333
52.865394592285156,1910,24576,7.771809895833333
52.92287611961365,1910,24576,7.771809895833333
52.980918645858765,1910,24576,7.771809895833333
53.040674448013306,1910,24576,7.771809895833333
53.1176815032959,1910,24576,7.771809895833333
53.17853283882141,1910,24576,7.771809895833333
53.279658794403076,1910,24576,7.771809895833333
53.358750104904175,2198,24576,8.943684895833332
53.445849895477295,2198,24576,8.943684895833332
53.51948428153992,2198,24576,8.943684895833332
53.561861991882324,2198,24576,8.943684895833332
53.62016296386719,1910,24576,7.771809895833333
53.677539348602295,1910,24576,7.771809895833333
53.731688022613525,1910,24576,7.771809895833333
53.78831744194031,1910,24576,7.771809895833333
53.84451913833618,1910,24576,7.771809895833333
53.90375804901123,1910,24576,7.771809895833333
53.96300196647644,1910,24576,7.771809895833333
54.02138352394104,1910,24576,7.771809895833333
54.08096122741699,1910,24576,7.771809895833333
54.13781189918518,1910,24576,7.771809895833333
54.19678330421448,1910,24576,7.771809895833333
54.25747036933899,1910,24576,7.771809895833333
54.31827735900879,1910,24576,7.771809895833333
54.377962827682495,1910,24576,7.771809895833333
54.4395067691803,1910,24576,7.771809895833333
54.49997568130493,1910,24576,7.771809895833333
54.57951760292053,1910,24576,7.771809895833333
54.63905072212219,1910,24576,7.771809895833333
54.71917915344238,1910,24576,7.771809895833333
54.777729511260986,1910,24576,7.771809895833333
54.83502912521362,1910,24576,7.771809895833333
54.913283348083496,1910,24576,7.771809895833333
54.96966075897217,1910,24576,7.771809895833333
55.0272057056427,1910,24576,7.771809895833333
55.126161336898804,1910,24576,7.771809895833333
55.185776710510254,1910,24576,7.771809895833333
55.26438665390015,1910,24576,7.771809895833333
55.32160258293152,1910,24576,7.771809895833333
55.3653507232666,2198,24576,8.943684895833332
55.454750299453735,2198,24576,8.943684895833332
55.54258108139038,2198,24576,8.943684895833332
55.62354588508606,1910,24576,7.771809895833333
55.680314779281616,1910,24576,7.771809895833333
55.7607307434082,1910,24576,7.771809895833333
55.82023859024048,1910,24576,7.771809895833333
55.880475997924805,1910,24576,7.771809895833333
55.94028878211975,1910,24576,7.771809895833333
56.00025177001953,1910,24576,7.771809895833333
56.058056116104126,1910,24576,7.771809895833333
56.13774132728577,1910,24576,7.771809895833333
56.19539713859558,1910,24576,7.771809895833333
56.27371263504028,1910,24576,7.771809895833333
56.334505558013916,1910,24576,7.771809895833333
56.43559002876282,1910,24576,7.771809895833333
56.49626398086548,1910,24576,7.771809895833333
56.556236267089844,1910,24576,7.771809895833333
56.61673331260681,1910,24576,7.771809895833333
56.67696571350098,1910,24576,7.771809895833333
56.753926515579224,1910,24576,7.771809895833333
56.81113076210022,1910,24576,7.771809895833333
56.89071607589722,1910,24576,7.771809895833333
56.99830365180969,1910,24576,7.771809895833333
57.07896947860718,1910,24576,7.771809895833333
57.185152530670166,1910,24576,7.771809895833333
57.27109360694885,1910,24576,7.771809895833333
57.33070921897888,2198,24576,8.943684895833332
57.455698013305664,2198,24576,8.943684895833332
57.52734065055847,2198,24576,8.943684895833332
57.5808801651001,2198,24576,8.943684895833332
57.672614336013794,1910,24576,7.771809895833333
57.7285418510437,1910,24576,7.771809895833333
57.785053968429565,1910,24576,7.771809895833333
57.840872287750244,1910,24576,7.771809895833333
57.90241742134094,1910,24576,7.771809895833333
57.96257662773132,1910,24576,7.771809895833333
58.02046465873718,1910,24576,7.771809895833333
58.08027958869934,1910,24576,7.771809895833333
58.13884496688843,1910,24576,7.771809895833333
58.197279930114746,1910,24576,7.771809895833333
58.255255937576294,1910,24576,7.771809895833333
58.31078219413757,1910,24576,7.771809895833333
58.37068462371826,1910,24576,7.771809895833333
58.431248903274536,1910,24576,7.771809895833333
58.50899577140808,1910,24576,7.771809895833333
58.584782123565674,1910,24576,7.771809895833333
58.66349387168884,1910,24576,7.771809895833333
58.72283697128296,1910,24576,7.771809895833333
58.78098678588867,1910,24576,7.771809895833333
58.83844017982483,1910,24576,7.771809895833333
58.89688301086426,1910,24576,7.771809895833333
58.99357867240906,1910,24576,7.771809895833333
59.07481336593628,1910,24576,7.771809895833333
59.15394711494446,1910,24576,7.771809895833333
59.21534991264343,1910,24576,7.771809895833333
59.29233264923096,1910,24576,7.771809895833333
59.35407996177673,1910,24576,7.771809895833333
59.410858392715454,2198,24576,8.943684895833332
59.49916100502014,2198,24576,8.943684895833332
59.540361404418945,2198,24576,8.943684895833332
59.591999530792236,1910,24576,7.771809895833333
59.72447848320007,1910,24576,7.771809895833333
59.77620840072632,1910,24576,7.771809895833333
59.835608959198,1910,24576,7.771809895833333
59.8935763835907,1910,24576,7.771809895833333
59.95287227630615,1910,24576,7.771809895833333
60.01040959358215,1910,24576,7.771809895833333
60.066996335983276,1910,24576,7.771809895833333
60.13171696662903,1910,24576,7.771809895833333
60.191951751708984,1910,24576,7.771809895833333
60.2492196559906,1910,24576,7.771809895833333
60.30695962905884,1910,24576,7.771809895833333
60.36469316482544,1910,24576,7.771809895833333
60.4218590259552,1910,24576,7.771809895833333
60.48072814941406,1910,24576,7.771809895833333
60.557525396347046,1910,24576,7.771809895833333
60.64215040206909,1910,24576,7.771809895833333
60.72361493110657,1910,24576,7.771809895833333
60.782522439956665,1910,24576,7.771809895833333
60.84380388259888,1910,24576,7.771809895833333
60.921008825302124,1910,24576,7.771809895833333
61.0022337436676,1910,24576,7.771809895833333
61.05992650985718,1910,24576,7.771809895833333
61.11744165420532,1910,24576,7.771809895833333
61.17538905143738,1910,24576,7.771809895833333
61.23486566543579,1910,24576,7.771809895833333
61.293456077575684,1910,24576,7.771809895833333
61.350807428359985,1910,24576,7.771809895833333
61.407963514328,2198,24576,8.943684895833332
61.494641065597534,2198,24576,8.943684895833332
61.55668759346008,1910,24576,7.771809895833333
61.62553358078003,2198,24576,8.943684895833332
61.681554555892944,1942,24576,7.902018229166667
61.73847436904907,1910,24576,7.771809895833333
61.802156925201416,1910,24576,7.771809895833333
61.85987210273743,1910,24576,7.771809895833333
61.914313554763794,1910,24576,7.771809895833333
61.974231004714966,1910,24576,7.771809895833333
62.0335648059845,1910,24576,7.771809895833333
62.093080282211304,1910,24576,7.771809895833333
62.154958724975586,1910,24576,7.771809895833333
62.21398186683655,1910,24576,7.771809895833333
62.27190542221069,1910,24576,7.771809895833333
62.32951593399048,1910,24576,7.771809895833333
62.387709617614746,1910,24576,7.771809895833333
62.44682836532593,1910,24576,7.771809895833333
62.50651001930237,1910,24576,7.771809895833333
62.58695316314697,1910,24576,7.771809895833333
62.686641454696655,1910,24576,7.771809895833333
62.793463706970215,1910,24576,7.771809895833333
62.85142278671265,1910,24576,7.771809895833333
62.91043448448181,1910,24576,7.771809895833333
62.970298290252686,1910,24576,7.771809895833333
63.06970977783203,1910,24576,7.771809895833333
63.154096364974976,1910,24576,7.771809895833333
63.215790033340454,1910,24576,7.771809895833333
63.311410903930664,1910,24576,7.771809895833333
63.39069962501526,1910,24576,7.771809895833333
63.47043418884277,2006,24576,8.162434895833332
63.547006607055664,2198,24576,8.943684895833332
63.59654402732849,2198,24576,8.943684895833332
63.65311098098755,1910,24576,7.771809895833333
63.707886934280396,1910,24576,7.771809895833333
63.76981568336487,1910,24576,7.771809895833333
63.82710528373718,1910,24576,7.771809895833333
63.88534927368164,1910,24576,7.771809895833333
63.94270467758179,1910,24576,7.771809895833333
64.00263142585754,1910,24576,7.771809895833333
64.06169366836548,1910,24576,7.771809895833333
64.11913585662842,1910,24576,7.771809895833333
64.17740607261658,1910,24576,7.771809895833333
64.2360029220581,1910,24576,7.771809895833333
64.29271125793457,1910,24576,7.771809895833333
64.35252809524536,1910,24576,7.771809895833333
64.41215538978577,1910,24576,7.771809895833333
64.47096419334412,1910,24576,7.771809895833333
64.5289831161499,1910,24576,7.771809895833333
64.58610010147095,1910,24576,7.771809895833333
64.64469885826111,1910,24576,7.771809895833333
64.70429158210754,1910,24576,7.771809895833333
64.76305675506592,1910,24576,7.771809895833333
64.8224515914917,1910,24576,7.771809895833333
64.90071845054626,1910,24576,7.771809895833333
64.95881772041321,1910,24576,7.771809895833333
65.0167920589447,1910,24576,7.771809895833333
65.09443926811218,1910,24576,7.771809895833333
65.17590427398682,1910,24576,7.771809895833333
65.27438497543335,1910,24576,7.771809895833333
65.35359859466553,1910,24576,7.771809895833333
65.41259932518005,2198,24576,8.943684895833332
65.50622773170471,2198,24576,8.943684895833332
65.56315898895264,1910,24576,7.771809895833333
65.61329436302185,2198,24576,8.943684895833332
65.68107056617737,1942,24576,7.902018229166667
65.73592042922974,1910,24576,7.771809895833333
65.79193210601807,1910,24576,7.771809895833333
65.84821724891663,1910,24576,7.771809895833333
65.90458083152771,1910,24576,7.771809895833333
65.96091103553772,1910,24576,7.771809895833333
66.01879239082336,1910,24576,7.771809895833333
66.07745599746704,1910,24576,7.771809895833333
66.13488245010376,1910,24576,7.771809895833333
66.19247817993164,1910,24576,7.771809895833333
66.25004649162292,1910,24576,7.771809895833333
66.30723834037781,1910,24576,7.771809895833333
66.36501598358154,1910,24576,7.771809895833333
66.42224788665771,1910,24576,7.771809895833333
66.48293113708496,1910,24576,7.771809895833333
66.54314875602722,1910,24576,7.771809895833333
66.6011369228363,1910,24576,7.771809895833333
66.66039299964905,1910,24576,7.771809895833333
66.72000455856323,1910,24576,7.771809895833333
66.8188488483429,1910,24576,7.771809895833333
66.87743425369263,1910,24576,7.771809895833333
66.96246027946472,1910,24576,7.771809895833333
67.02128744125366,1910,24576,7.771809895833333
67.07968807220459,1910,24576,7.771809895833333
67.13727378845215,1910,24576,7.771809895833333
67.19736528396606,1910,24576,7.771809895833333
67.25547957420349,1910,24576,7.771809895833333
67.31456351280212,1910,24576,7.771809895833333
67.39915418624878,1910,24576,7.771809895833333
67.48011374473572,2198,24576,8.943684895833332
67.56134271621704,2198,24576,8.943684895833332
67.60685300827026,2198,24576,8.943684895833332
67.65915513038635,1910,24576,7.771809895833333
67.716552734375,1910,24576,7.771809895833333
67.77142906188965,1910,24576,7.771809895833333
67.8285665512085,1910,24576,7.771809895833333
67.8857352733612,1910,24576,7.771809895833333
67.94184136390686,1910,24576,7.771809895833333
68.00289368629456,1910,24576,7.771809895833333
68.06342935562134,1910,24576,7.771809895833333
68.12149429321289,1910,24576,7.771809895833333
68.17958331108093,1910,24576,7.771809895833333
68.23708391189575,1910,24576,7.771809895833333
68.29467105865479,1910,24576,7.771809895833333
68.35591888427734,1910,24576,7.771809895833333
68.41613674163818,1910,24576,7.771809895833333
68.476327419281,1910,24576,7.771809895833333
68.53685975074768,1910,24576,7.771809895833333
68.61975312232971,1910,24576,7.771809895833333
68.67892932891846,1910,24576,7.771809895833333
68.73929500579834,1910,24576,7.771809895833333
68.79927134513855,1910,24576,7.771809895833333
68.86076664924622,1910,24576,7.771809895833333
68.961092710495,1910,24576,7.771809895833333
69.02128434181213,1910,24576,7.771809895833333
69.11936354637146,1910,24576,7.771809895833333
69.19900870323181,1910,24576,7.771809895833333
69.25706171989441,1910,24576,7.771809895833333
69.31490874290466,1910,24576,7.771809895833333
69.37309432029724,1910,24576,7.771809895833333
69.46824264526367,2038,24576,8.292643229166668
69.5668716430664,2198,24576,8.943684895833332
69.61825680732727,2166,24576,8.8134765625
69.67528510093689,1910,24576,7.771809895833333
69.73244333267212,1910,24576,7.771809895833333
69.78838682174683,2198,24576,8.943684895833332
69.85129499435425,2198,24576,8.943684895833332
69.90768718719482,1942,24576,7.902018229166667
69.96579575538635,1910,24576,7.771809895833333
70.02220726013184,1910,24576,7.771809895833333
70.08025908470154,1910,24576,7.771809895833333
70.14128160476685,1910,24576,7.771809895833333
70.20181393623352,1910,24576,7.771809895833333
70.26199460029602,1910,24576,7.771809895833333
70.32527327537537,1910,24576,7.771809895833333
70.38535237312317,1910,24576,7.771809895833333
70.44283127784729,1910,24576,7.771809895833333
70.50340843200684,1910,24576,7.771809895833333
70.56447625160217,1910,24576,7.771809895833333
70.6439938545227,1910,24576,7.771809895833333
70.70431709289551,1910,24576,7.771809895833333
70.78502106666565,1910,24576,7.771809895833333
70.84508180618286,1910,24576,7.771809895833333
70.90553021430969,1910,24576,7.771809895833333
70.98899149894714,1910,24576,7.771809895833333
71.04924726486206,1910,24576,7.771809895833333
71.10957360267639,1910,24576,7.771809895833333
71.19328188896179,1910,24576,7.771809895833333
71.26943564414978,1910,24576,7.771809895833333
71.32657051086426,1910,24576,7.771809895833333
71.40771412849426,2038,24576,8.292643229166668
71.4703414440155,2198,24576,8.943684895833332
71.54609751701355,2198,24576,8.943684895833332
71.6203715801239,1910,24576,7.771809895833333
71.69457864761353,1910,24576,7.771809895833333
71.7725555896759,1910,24576,7.771809895833333
71.83048152923584,1910,24576,7.771809895833333
71.8915286064148,1910,24576,7.771809895833333
71.94798016548157,1910,24576,7.771809895833333
72.00499606132507,1910,24576,7.771809895833333
72.08495712280273,1910,24576,7.771809895833333
72.14074087142944,1910,24576,7.771809895833333
72.19672870635986,1910,24576,7.771809895833333
72.292307138443,1910,24576,7.771809895833333
72.34827041625977,1910,24576,7.771809895833333
72.40548062324524,1910,24576,7.771809895833333
72.48922610282898,1910,24576,7.771809895833333
72.56282353401184,1910,24576,7.771809895833333
72.64571857452393,1910,24576,7.771809895833333
72.70303082466125,1910,24576,7.771809895833333
72.76074504852295,1910,24576,7.771809895833333
72.8176760673523,1910,24576,7.771809895833333
72.87686395645142,1910,24576,7.771809895833333
72.95967674255371,1910,24576,7.771809895833333
73.04564666748047,1910,24576,7.771809895833333
73.10901618003845,1910,24576,7.771809895833333
73.16873073577881,1910,24576,7.771809895833333
73.24730658531189,1910,24576,7.771809895833333
73.34737372398376,1910,24576,7.771809895833333
73.40930128097534,1910,24576,7.771809895833333
73.46831631660461,1910,24576,7.771809895833333
73.59200811386108,1910,24576,7.771809895833333
