timestamp,elapsed_time,cpu_power,gpu_power,total_power,sm_clock_mhz,max_sm_clock_mhz,throttle_bitmask,throttle_reasons
2026-06-02 06:34:32.463521,4.300,50.57,23.78,74.34,675,2100,1,None
2026-06-02 06:34:32.653085,4.514,53.08,23.74,76.82,675,2100,1,None
2026-06-02 06:34:32.830580,4.703,56.58,24.09,80.67,705,2100,1,None
2026-06-02 06:34:33.010261,4.881,48.77,24.54,73.31,795,2100,1,None
2026-06-02 06:34:33.187545,5.060,56.04,24.57,80.61,795,2100,1,None
2026-06-02 06:34:33.369167,5.238,48.55,24.53,73.08,795,2100,1,None
2026-06-02 06:34:33.543898,5.419,48.72,24.58,73.29,795,2100,1,None
2026-06-02 06:34:33.724699,5.594,48.61,24.63,73.24,795,2100,1,None
2026-06-02 06:34:33.900760,5.775,47.80,24.68,72.48,795,2100,1,None
2026-06-02 06:34:34.080677,5.951,48.43,24.76,73.19,795,2100,1,None
2026-06-02 06:34:34.255682,6.131,48.23,24.81,73.04,795,2100,1,None
2026-06-02 06:34:34.432840,6.306,47.67,26.55,74.22,855,2100,1,None
2026-06-02 06:34:34.608167,6.483,47.38,26.66,74.03,855,2100,1,None
2026-06-02 06:34:34.784417,6.658,46.67,26.58,73.26,855,2100,1,None
2026-06-02 06:34:34.979916,6.835,46.60,25.91,72.52,855,2100,1,None
2026-06-02 06:34:35.157085,7.030,47.92,26.28,74.20,855,2100,1,None
2026-06-02 06:34:35.330632,7.207,46.86,26.25,73.11,855,2100,1,None
2026-06-02 06:34:35.506652,7.381,46.67,26.30,72.96,855,2100,1,None
2026-06-02 06:34:35.699718,7.557,46.78,26.14,72.92,855,2100,1,None
2026-06-02 06:34:35.880943,7.750,47.61,26.31,73.92,855,2100,1,None
2026-06-02 06:34:36.055312,7.931,48.77,26.46,75.22,855,2100,1,None
2026-06-02 06:34:36.231390,8.106,47.93,27.49,75.42,945,2100,1,None
2026-06-02 06:34:36.407843,8.282,50.91,27.49,78.39,945,2100,1,None
2026-06-02 06:34:36.602332,8.464,60.24,27.33,87.57,945,2100,1,None
2026-06-02 06:34:36.776487,8.653,48.15,27.72,75.87,945,2100,1,None
2026-06-02 06:34:36.952423,8.827,45.60,27.74,73.34,945,2100,1,None
2026-06-02 06:34:37.127756,9.003,47.23,27.47,74.70,945,2100,1,None
2026-06-02 06:34:37.303081,9.178,49.51,27.51,77.02,945,2100,1,None
2026-06-02 06:34:37.493668,9.353,47.78,27.43,75.20,945,2100,1,None
2026-06-02 06:34:37.667971,9.544,49.23,27.78,77.01,945,2100,1,None
2026-06-02 06:34:37.844413,9.718,49.24,27.76,77.00,945,2100,1,None
2026-06-02 06:34:38.023474,9.895,47.26,27.30,74.56,915,2100,1,None
2026-06-02 06:34:38.218780,10.074,47.51,27.30,74.81,885,2100,1,None
2026-06-02 06:34:38.395662,10.269,50.23,27.08,77.31,885,2100,1,None
2026-06-02 06:34:38.569590,10.446,48.08,26.77,74.85,855,2100,1,None
2026-06-02 06:34:38.747485,10.620,48.30,26.10,74.40,855,2100,1,None
2026-06-02 06:34:38.947747,10.798,47.30,26.25,73.56,855,2100,1,None
2026-06-02 06:34:39.143816,10.998,47.59,26.12,73.71,855,2100,1,None
2026-06-02 06:34:39.345814,11.194,50.54,26.31,76.86,855,2100,1,None
2026-06-02 06:34:39.546828,11.396,47.67,25.55,73.21,825,2100,1,None
2026-06-02 06:34:39.729504,11.597,47.15,25.60,72.75,825,2100,1,None
2026-06-02 06:34:39.922874,11.781,41.69,25.46,67.15,825,2100,1,None
2026-06-02 06:34:40.102138,11.973,29.12,25.11,54.22,825,2100,1,None
2026-06-02 06:34:40.276502,12.152,33.16,25.40,58.56,825,2100,1,None
2026-06-02 06:34:40.456300,12.327,30.68,26.53,57.21,855,2100,1,None
2026-06-02 06:34:40.630306,12.507,29.71,26.39,56.10,855,2100,1,None
2026-06-02 06:34:40.806387,12.681,33.05,26.30,59.35,855,2100,1,None
2026-06-02 06:34:41.002439,12.857,31.82,26.45,58.26,855,2100,1,None
2026-06-02 06:34:41.181136,13.053,37.99,26.12,64.11,855,2100,1,None
2026-06-02 06:34:41.355117,13.231,34.28,26.48,60.76,855,2100,1,None
2026-06-02 06:34:41.533603,13.405,31.09,26.23,57.32,855,2100,1,None
2026-06-02 06:34:41.709770,13.584,30.62,26.54,57.17,855,2100,1,None
2026-06-02 06:34:41.884498,13.760,30.93,27.34,58.28,945,2100,1,None
2026-06-02 06:34:42.057819,13.935,31.35,26.94,58.29,945,2100,1,None
2026-06-02 06:34:42.232683,14.108,33.88,27.27,61.15,945,2100,1,None
2026-06-02 06:34:42.408513,14.283,46.76,27.58,74.34,945,2100,1,None
2026-06-02 06:34:42.581497,14.459,31.61,27.58,59.19,945,2100,1,None
2026-06-02 06:34:42.757171,14.632,30.88,27.38,58.26,945,2100,1,None
2026-06-02 06:34:42.934937,14.807,29.14,27.88,57.02,945,2100,1,None
2026-06-02 06:34:43.106698,14.985,30.23,27.74,57.97,945,2100,1,None
2026-06-02 06:34:43.284196,15.157,30.93,27.88,58.81,945,2100,1,None
2026-06-02 06:34:43.474537,15.334,29.58,27.97,57.55,945,2100,1,None
2026-06-02 06:34:43.653684,15.525,30.03,27.88,57.91,885,2100,1,None
2026-06-02 06:34:43.827372,15.704,31.66,26.91,58.57,885,2100,1,None
2026-06-02 06:34:44.008876,15.880,32.28,26.83,59.11,855,2100,1,None
2026-06-02 06:34:44.201113,16.059,35.91,26.51,62.42,855,2100,1,None
2026-06-02 06:34:44.380524,16.251,33.92,26.37,60.29,855,2100,1,None
2026-06-02 06:34:44.555851,16.431,33.59,26.57,60.16,855,2100,1,None
2026-06-02 06:34:44.735933,16.606,35.84,27.07,62.91,915,2100,1,None
2026-06-02 06:34:44.908807,16.786,32.86,27.13,59.99,915,2100,1,None
2026-06-02 06:34:45.086148,16.959,30.68,26.90,57.57,915,2100,1,None
2026-06-02 06:34:45.260290,17.136,29.51,27.01,56.53,915,2100,1,None
2026-06-02 06:34:45.433288,17.311,35.28,27.22,62.50,915,2100,1,None
2026-06-02 06:34:45.610744,17.484,48.87,27.32,76.20,915,2100,1,None
2026-06-02 06:34:45.786015,17.661,56.24,27.23,83.47,915,2100,1,None
2026-06-02 06:34:45.959534,17.836,55.13,27.24,82.38,915,2100,1,None
2026-06-02 06:34:46.149787,18.010,102.64,26.86,129.51,915,2100,1,None
2026-06-02 06:34:46.326493,18.200,49.02,26.91,75.93,915,2100,1,None
2026-06-02 06:34:46.503548,18.377,48.45,26.76,75.21,855,2100,1,None
2026-06-02 06:34:46.681652,18.554,49.02,26.49,75.52,855,2100,1,None
2026-06-02 06:34:46.859768,18.732,45.82,26.44,72.26,855,2100,1,None
2026-06-02 06:34:47.036770,18.910,48.22,26.02,74.23,855,2100,1,None
2026-06-02 06:34:47.228530,19.087,48.40,26.60,75.00,855,2100,1,None
2026-06-02 06:34:47.406701,19.279,48.50,26.56,75.06,825,2100,1,None
2026-06-02 06:34:47.583910,19.457,48.21,25.54,73.75,825,2100,1,None
2026-06-02 06:34:47.763068,19.634,48.36,26.91,75.26,915,2100,1,None
2026-06-02 06:34:47.935709,19.813,48.84,27.36,76.20,915,2100,1,None
2026-06-02 06:34:48.109634,19.986,37.57,27.26,64.82,915,2100,1,None
2026-06-02 06:34:48.295815,20.160,31.04,27.39,58.43,915,2100,1,None
2026-06-02 06:34:48.484533,20.346,33.70,42.15,75.84,1440,2100,0,None
2026-06-02 06:34:48.649755,20.535,34.05,62.86,96.90,1800,2100,0,None
2026-06-02 06:34:48.817286,20.700,33.11,81.29,114.40,1800,2100,0,None
2026-06-02 06:34:48.982327,20.868,35.45,81.43,116.88,1800,2100,0,None
2026-06-02 06:34:49.149876,21.033,41.03,81.49,122.52,1800,2100,0,None
2026-06-02 06:34:49.316652,21.200,46.97,81.58,128.54,1800,2100,0,None
2026-06-02 06:34:49.494973,21.367,40.91,81.55,122.46,1800,2100,0,None
2026-06-02 06:34:49.660033,21.545,42.62,81.58,124.20,1800,2100,0,None
2026-06-02 06:34:49.826570,21.710,43.35,81.59,124.93,1800,2100,0,None
2026-06-02 06:34:49.995679,21.877,40.01,81.58,121.59,1800,2100,0,None
2026-06-02 06:34:50.161618,22.046,40.26,81.59,121.84,1800,2100,0,None
2026-06-02 06:34:50.328184,22.212,45.75,81.60,127.35,1800,2100,0,None
2026-06-02 06:34:50.506919,22.378,45.70,81.60,127.30,1440,2100,0,None
2026-06-02 06:34:50.673516,22.557,37.85,63.37,101.22,1440,2100,0,None
2026-06-02 06:34:50.858004,22.724,39.67,63.38,103.05,1440,2100,0,None
2026-06-02 06:34:51.026905,22.908,43.55,63.24,106.78,1440,2100,0,None
2026-06-02 06:34:51.196126,23.077,39.14,63.36,102.50,1440,2100,0,None
2026-06-02 06:34:51.363190,23.246,46.65,63.37,110.02,1440,2100,0,None
2026-06-02 06:34:51.530770,23.413,44.95,63.34,108.30,1440,2100,0,None
2026-06-02 06:34:51.713159,23.581,44.69,63.42,108.10,1440,2100,0,None
2026-06-02 06:34:51.880169,23.763,45.95,63.32,109.27,1440,2100,0,None
2026-06-02 06:34:52.049720,23.930,39.68,63.32,103.00,1440,2100,0,None
2026-06-02 06:34:52.233150,24.100,38.76,63.40,102.16,1440,2100,0,None
2026-06-02 06:34:52.400339,24.283,38.97,63.40,102.37,1440,2100,0,None
2026-06-02 06:34:52.569313,24.451,37.41,63.36,100.76,1440,2100,0,None
2026-06-02 06:34:52.739260,24.620,38.13,63.25,101.38,1440,2100,0,None
2026-06-02 06:34:52.908273,24.790,39.15,63.82,102.97,1440,2100,0,None
2026-06-02 06:34:53.078252,24.959,47.87,64.49,112.36,1440,2100,0,None
2026-06-02 06:34:53.247627,25.129,47.62,64.18,111.80,1440,2100,0,None
2026-06-02 06:34:53.415052,25.298,49.81,64.07,113.88,1440,2100,0,None
2026-06-02 06:34:53.586622,25.465,45.85,63.92,109.77,1440,2100,0,None
2026-06-02 06:34:53.753479,25.637,46.28,63.48,109.77,1440,2100,0,None
2026-06-02 06:34:53.921243,25.804,109.09,63.42,172.51,1440,2100,0,None
2026-06-02 06:34:54.092901,25.971,47.14,63.28,110.42,1440,2100,0,None
2026-06-02 06:34:54.260189,26.143,48.33,63.24,111.57,1440,2100,0,None
2026-06-02 06:34:54.426881,26.311,47.47,63.34,110.80,1440,2100,0,None
2026-06-02 06:34:54.595999,26.477,44.28,63.56,107.84,1440,2100,0,None
2026-06-02 06:34:54.762765,26.646,48.58,63.40,111.98,1440,2100,0,None
2026-06-02 06:34:54.929571,26.813,47.11,63.51,110.62,1440,2100,0,None
2026-06-02 06:34:55.100783,26.980,47.30,63.47,110.77,1440,2100,0,None
2026-06-02 06:34:55.281328,27.151,46.60,63.46,110.06,1440,2100,0,None
2026-06-02 06:34:55.447938,27.332,50.43,63.53,113.96,1440,2100,0,None
2026-06-02 06:34:55.617480,27.498,45.22,63.35,108.57,1440,2100,0,None
2026-06-02 06:34:55.784393,27.668,44.11,63.37,107.49,1440,2100,0,None
2026-06-02 06:34:55.951043,27.835,48.58,63.55,112.12,1440,2100,0,None
2026-06-02 06:34:56.119701,28.001,55.85,63.64,119.49,1440,2100,0,None
2026-06-02 06:34:56.292854,28.170,47.80,64.08,111.88,1440,2100,0,None
2026-06-02 06:34:56.453618,28.343,48.49,89.32,137.82,1995,2100,4,SwPowerCap
2026-06-02 06:34:56.609246,28.504,48.41,242.36,290.78,1995,2100,0,None
2026-06-02 06:34:56.765020,28.660,50.96,185.55,236.51,1995,2100,0,None
2026-06-02 06:34:56.920027,28.815,48.52,188.97,237.49,1995,2100,0,None
2026-06-02 06:34:57.076327,28.970,48.32,182.42,230.74,1995,2100,0,None
2026-06-02 06:34:57.232811,29.127,48.02,206.43,254.46,1995,2100,0,None
2026-06-02 06:34:57.389286,29.283,48.43,210.60,259.04,1995,2100,0,None
2026-06-02 06:34:57.544577,29.440,48.04,199.39,247.43,1995,2100,0,None
2026-06-02 06:34:57.701726,29.595,48.18,212.14,260.33,1995,2100,0,None
2026-06-02 06:34:57.858810,29.752,49.47,183.99,233.45,1995,2100,0,None
2026-06-02 06:34:58.014842,29.909,48.65,173.59,222.24,1935,2100,4,SwPowerCap
2026-06-02 06:34:58.168885,30.065,50.05,100.91,150.96,1995,2100,0,None
2026-06-02 06:34:58.322888,30.219,37.47,118.84,156.31,1995,2100,0,None
2026-06-02 06:34:58.476779,30.373,30.84,106.67,137.51,1995,2100,0,None
2026-06-02 06:34:58.630926,30.527,30.13,106.46,136.59,1995,2100,0,None
2026-06-02 06:34:58.784728,30.681,31.63,106.58,138.21,1995,2100,0,None
2026-06-02 06:34:58.939194,30.835,30.94,106.44,137.38,1995,2100,0,None
2026-06-02 06:34:59.094401,30.989,37.43,106.63,144.06,1995,2100,0,None
2026-06-02 06:34:59.250479,31.145,56.30,106.68,162.98,1950,2100,4,SwPowerCap
2026-06-02 06:34:59.408552,31.301,50.45,251.80,302.25,1980,2100,4,SwPowerCap
2026-06-02 06:34:59.569846,31.459,48.53,212.97,261.50,1995,2100,4,SwPowerCap
2026-06-02 06:34:59.725111,31.620,34.99,110.93,145.92,1995,2100,0,None
2026-06-02 06:34:59.879209,31.775,32.26,106.75,139.01,1995,2100,0,None
2026-06-02 06:35:00.033253,31.929,31.39,106.79,138.18,1995,2100,0,None
2026-06-02 06:35:00.187331,32.084,31.00,106.71,137.70,1995,2100,0,None
2026-06-02 06:35:00.341336,32.238,33.01,106.73,139.74,1995,2100,0,None
2026-06-02 06:35:00.495477,32.392,30.43,106.42,136.85,1995,2100,0,None
2026-06-02 06:35:00.649556,32.546,31.10,106.56,137.66,1995,2100,0,None
2026-06-02 06:35:00.805478,32.700,31.71,106.72,138.43,1995,2100,0,None
2026-06-02 06:35:00.959740,32.856,31.52,106.62,138.15,1995,2100,0,None
2026-06-02 06:35:01.114085,33.010,30.85,106.62,137.47,1995,2100,0,None
2026-06-02 06:35:01.270019,33.164,65.27,106.67,171.94,1965,2100,4,SwPowerCap
2026-06-02 06:35:01.440115,33.320,48.54,177.78,226.32,1755,2100,0,None
2026-06-02 06:35:01.597729,33.490,48.78,209.27,258.05,1950,2100,4,SwPowerCap
2026-06-02 06:35:01.752416,33.648,44.50,192.72,237.22,1995,2100,0,None
2026-06-02 06:35:01.906970,33.803,31.51,107.26,138.77,1995,2100,0,None
2026-06-02 06:35:02.061368,33.957,30.09,107.15,137.23,1995,2100,0,None
2026-06-02 06:35:02.219548,34.112,30.51,106.95,137.46,1995,2100,0,None
2026-06-02 06:35:02.374042,34.270,33.06,107.00,140.06,1995,2100,0,None
2026-06-02 06:35:02.528441,34.424,30.71,106.91,137.62,1995,2100,0,None
2026-06-02 06:35:02.684500,34.579,29.98,106.95,136.92,1995,2100,0,None
2026-06-02 06:35:02.839718,34.735,31.08,106.67,137.75,1995,2100,0,None
2026-06-02 06:35:02.994240,34.890,30.68,106.67,137.35,1995,2100,0,None
2026-06-02 06:35:03.148547,35.044,31.81,106.90,138.71,1995,2100,0,None
2026-06-02 06:35:03.304069,35.199,80.65,227.31,307.96,1950,2100,4,SwPowerCap
2026-06-02 06:35:03.458718,35.354,48.19,247.00,295.19,1995,2100,4,SwPowerCap
2026-06-02 06:35:03.613175,35.509,38.47,111.70,150.17,1995,2100,0,None
2026-06-02 06:35:03.767427,35.663,31.28,107.47,138.75,1995,2100,0,None
2026-06-02 06:35:03.921966,35.818,31.37,107.15,138.52,1995,2100,0,None
2026-06-02 06:35:04.076327,35.972,30.06,107.20,137.26,1995,2100,0,None
2026-06-02 06:35:04.232160,36.127,29.22,107.42,136.64,1995,2100,0,None
2026-06-02 06:35:04.387486,36.282,32.10,107.55,139.65,1995,2100,0,None
2026-06-02 06:35:04.542193,36.438,30.93,107.49,138.43,1995,2100,0,None
2026-06-02 06:35:04.696805,36.592,31.40,107.34,138.74,1995,2100,0,None
2026-06-02 06:35:04.851638,36.747,31.40,107.36,138.75,1995,2100,0,None
2026-06-02 06:35:05.006066,36.902,30.15,107.24,137.40,1995,2100,0,None
2026-06-02 06:35:05.160729,37.056,31.75,107.31,139.06,1995,2100,0,None
2026-06-02 06:35:05.327402,37.211,93.92,219.86,313.78,1815,2100,0,None
2026-06-02 06:35:05.494301,37.378,42.45,172.37,214.82,1815,2100,0,None
2026-06-02 06:35:05.649524,37.545,47.81,207.98,255.79,1935,2100,4,SwPowerCap
2026-06-02 06:35:05.803862,37.700,40.49,114.44,154.93,1995,2100,0,None
2026-06-02 06:35:05.958202,37.854,30.50,107.88,138.37,1995,2100,0,None
2026-06-02 06:35:06.112219,38.008,30.82,107.82,138.64,1995,2100,0,None
2026-06-02 06:35:06.266133,38.163,31.04,107.69,138.73,1995,2100,0,None
2026-06-02 06:35:06.420118,38.316,34.54,107.53,142.07,1995,2100,0,None
2026-06-02 06:35:06.574069,38.470,32.84,107.54,140.37,1995,2100,0,None
2026-06-02 06:35:06.728232,38.624,30.59,107.65,138.23,1995,2100,0,None
2026-06-02 06:35:06.882175,38.779,31.67,107.54,139.22,1995,2100,0,None
2026-06-02 06:35:07.036042,38.932,31.11,107.47,138.58,1995,2100,0,None
2026-06-02 06:35:07.190024,39.086,30.55,107.54,138.09,1995,2100,0,None
2026-06-02 06:35:07.400240,39.240,91.11,233.20,324.31,1995,2100,0,None
2026-06-02 06:35:07.557717,39.450,43.73,248.89,292.61,1995,2100,4,SwPowerCap
2026-06-02 06:35:07.712499,39.608,39.09,108.49,147.59,1995,2100,0,None
2026-06-02 06:35:07.866924,39.763,30.89,108.59,139.48,1995,2100,0,None
2026-06-02 06:35:08.021131,39.917,30.98,108.26,139.24,1995,2100,0,None
2026-06-02 06:35:08.175702,40.071,31.34,108.06,139.40,1995,2100,0,None
2026-06-02 06:35:08.331081,40.226,30.62,108.11,138.73,1995,2100,0,None
2026-06-02 06:35:08.486346,40.381,30.68,108.03,138.70,1995,2100,0,None
2026-06-02 06:35:08.640719,40.537,30.59,107.96,138.55,1995,2100,0,None
2026-06-02 06:35:08.795254,40.691,32.21,108.06,140.27,1995,2100,0,None
2026-06-02 06:35:08.949972,40.846,30.27,108.12,138.39,1995,2100,0,None
2026-06-02 06:35:09.104443,41.000,31.10,108.09,139.19,1995,2100,0,None
2026-06-02 06:35:09.260883,41.155,42.34,108.12,150.46,1995,2100,4,SwPowerCap
2026-06-02 06:35:09.420622,41.311,56.61,234.26,290.87,1950,2100,4,SwPowerCap
2026-06-02 06:35:09.575166,41.471,48.17,182.27,230.44,1995,2100,0,None
2026-06-02 06:35:09.730532,41.625,47.80,185.86,233.66,1995,2100,0,None
2026-06-02 06:35:09.887026,41.781,45.89,153.93,199.82,1995,2100,0,None
2026-06-02 06:35:10.042323,41.937,48.11,193.53,241.64,1995,2100,0,None
2026-06-02 06:35:10.196646,42.093,48.41,258.77,307.18,1995,2100,0,None
2026-06-02 06:35:10.351292,42.247,32.94,109.16,142.09,1995,2100,0,None
2026-06-02 06:35:10.506942,42.402,31.10,109.13,140.23,1995,2100,0,None
2026-06-02 06:35:10.661622,42.557,32.83,108.95,141.78,1995,2100,0,None
2026-06-02 06:35:10.816211,42.712,31.68,108.62,140.30,1995,2100,0,None
2026-06-02 06:35:10.971233,42.866,30.85,108.64,139.49,1995,2100,0,None
2026-06-02 06:35:11.125942,43.022,30.83,108.69,139.52,1995,2100,0,None
2026-06-02 06:35:11.281184,43.176,48.25,108.55,156.80,1980,2100,4,SwPowerCap
2026-06-02 06:35:11.438245,43.331,56.36,252.08,308.43,1935,2100,4,SwPowerCap
2026-06-02 06:35:11.597411,43.489,49.50,190.70,240.20,1995,2100,4,SwPowerCap
2026-06-02 06:35:11.751857,43.648,46.91,169.00,215.92,1995,2100,0,None
2026-06-02 06:35:11.906159,43.802,32.71,109.14,141.84,1995,2100,0,None
2026-06-02 06:35:12.060750,43.956,31.39,109.13,140.52,1995,2100,0,None
2026-06-02 06:35:12.215380,44.111,31.49,108.92,140.41,1995,2100,0,None
2026-06-02 06:35:12.369431,44.266,32.28,108.73,141.01,1995,2100,0,None
2026-06-02 06:35:12.523975,44.420,31.61,108.77,140.38,1995,2100,0,None
2026-06-02 06:35:12.678593,44.574,30.64,108.72,139.36,1995,2100,0,None
2026-06-02 06:35:12.833042,44.729,31.11,108.61,139.72,1995,2100,0,None
2026-06-02 06:35:12.988548,44.883,31.45,108.76,140.21,1995,2100,0,None
2026-06-02 06:35:13.145363,45.039,31.37,108.83,140.21,1995,2100,0,None
2026-06-02 06:35:13.301572,45.196,65.88,108.87,174.75,1965,2100,4,SwPowerCap
2026-06-02 06:35:13.457273,45.352,51.54,250.67,302.21,1935,2100,4,SwPowerCap
2026-06-02 06:35:13.611519,45.508,47.57,183.66,231.24,1995,2100,0,None
2026-06-02 06:35:13.766632,45.662,31.82,109.48,141.30,1995,2100,0,None
2026-06-02 06:35:13.921285,45.817,30.51,109.49,140.00,1995,2100,0,None
2026-06-02 06:35:14.075838,45.972,30.33,109.44,139.76,1995,2100,0,None
2026-06-02 06:35:14.230556,46.126,30.08,109.39,139.47,1995,2100,0,None
2026-06-02 06:35:14.385278,46.281,33.67,109.33,143.01,1995,2100,0,None
2026-06-02 06:35:14.539570,46.436,37.76,109.41,147.18,1995,2100,0,None
2026-06-02 06:35:14.694048,46.590,31.13,109.39,140.52,1995,2100,0,None
2026-06-02 06:35:14.848646,46.744,31.20,109.31,140.51,1995,2100,0,None
2026-06-02 06:35:15.003571,46.899,30.40,109.30,139.70,1995,2100,0,None
2026-06-02 06:35:15.158191,47.054,31.44,109.40,140.85,1995,2100,0,None
2026-06-02 06:35:15.315681,47.209,67.09,109.29,176.39,1935,2100,4,SwPowerCap
2026-06-02 06:35:15.472118,47.366,50.12,258.53,308.64,1965,2100,4,SwPowerCap
2026-06-02 06:35:15.626706,47.522,48.41,178.79,227.20,1995,2100,0,None
2026-06-02 06:35:15.781664,47.677,49.01,200.19,249.20,1995,2100,0,None
2026-06-02 06:35:15.935740,47.832,46.72,202.12,248.84,1995,2100,0,None
2026-06-02 06:35:16.089556,47.986,32.17,110.01,142.18,1995,2100,0,None
2026-06-02 06:35:16.244635,48.140,31.35,109.97,141.32,1995,2100,0,None
2026-06-02 06:35:16.399481,48.295,32.42,109.95,142.38,1995,2100,0,None
2026-06-02 06:35:16.553392,48.450,30.39,109.82,140.21,1995,2100,0,None
2026-06-02 06:35:16.707348,48.604,31.82,109.77,141.59,1995,2100,0,None
2026-06-02 06:35:16.862929,48.758,32.21,109.71,141.91,1995,2100,0,None
2026-06-02 06:35:17.016716,48.913,31.64,109.82,141.46,1995,2100,0,None
2026-06-02 06:35:17.170640,49.067,31.04,109.75,140.79,1995,2100,0,None
2026-06-02 06:35:17.325754,49.221,70.11,109.72,179.83,1935,2100,4,SwPowerCap
2026-06-02 06:35:17.481206,49.376,52.16,247.93,300.09,1965,2100,4,SwPowerCap
2026-06-02 06:35:17.635863,49.531,47.70,174.27,221.97,1980,2100,0,None
2026-06-02 06:35:17.792780,49.686,48.65,193.24,241.89,1980,2100,0,None
2026-06-02 06:35:17.948097,49.843,48.92,197.16,246.09,1980,2100,0,None
2026-06-02 06:35:18.102058,49.998,40.65,129.43,170.08,1980,2100,0,None
2026-06-02 06:35:18.255941,50.152,33.38,110.21,143.60,1980,2100,0,None
2026-06-02 06:35:18.409764,50.306,36.27,110.00,146.26,1980,2100,0,None
2026-06-02 06:35:18.563806,50.460,31.54,109.89,141.43,1980,2100,0,None
2026-06-02 06:35:18.717824,50.614,30.05,109.90,139.95,1980,2100,0,None
2026-06-02 06:35:18.871745,50.768,30.53,109.72,140.25,1980,2100,0,None
2026-06-02 06:35:19.025743,50.922,31.27,109.78,141.06,1980,2100,0,None
2026-06-02 06:35:19.179808,51.076,31.27,109.76,141.03,1980,2100,0,None
2026-06-02 06:35:19.335070,51.230,65.39,109.84,175.22,1935,2100,4,SwPowerCap
2026-06-02 06:35:19.489108,51.385,50.80,252.07,302.88,1935,2100,4,SwPowerCap
2026-06-02 06:35:19.643907,51.539,48.05,176.40,224.44,1980,2100,0,None
2026-06-02 06:35:19.802689,51.694,48.45,185.84,234.29,1980,2100,0,None
2026-06-02 06:35:19.956759,51.853,47.66,203.69,251.36,1980,2100,0,None
2026-06-02 06:35:20.111398,52.007,32.94,109.98,142.92,1980,2100,0,None
2026-06-02 06:35:20.266002,52.162,31.40,110.48,141.88,1980,2100,0,None
2026-06-02 06:35:20.420582,52.316,30.74,110.38,141.12,1980,2100,0,None
2026-06-02 06:35:20.574917,52.471,31.41,110.36,141.77,1980,2100,0,None
2026-06-02 06:35:20.729687,52.625,31.65,110.25,141.90,1980,2100,0,None
2026-06-02 06:35:20.885292,52.780,30.53,110.29,140.81,1980,2100,0,None
2026-06-02 06:35:21.039863,52.936,30.65,110.28,140.93,1980,2100,0,None
2026-06-02 06:35:21.194481,53.090,32.00,110.35,142.35,1980,2100,0,None
2026-06-02 06:35:21.350704,53.245,86.78,144.41,231.19,1935,2100,4,SwPowerCap
2026-06-02 06:35:21.505931,53.401,48.25,238.62,286.87,1980,2100,4,SwPowerCap
2026-06-02 06:35:21.660859,53.556,48.03,194.39,242.42,1920,2100,4,SwPowerCap
2026-06-02 06:35:21.818933,53.711,48.93,188.31,237.24,1980,2100,0,None
2026-06-02 06:35:21.975822,53.869,47.66,188.18,235.84,1980,2100,0,None
2026-06-02 06:35:22.131090,54.026,53.10,171.46,224.56,1980,2100,0,None
2026-06-02 06:35:22.286086,54.181,48.95,177.98,226.92,1980,2100,0,None
2026-06-02 06:35:22.441404,54.336,49.34,189.92,239.26,1980,2100,0,None
2026-06-02 06:35:22.596502,54.492,39.94,112.69,152.63,1980,2100,0,None
2026-06-02 06:35:22.750858,54.647,30.35,110.48,140.83,1980,2100,0,None
2026-06-02 06:35:22.905284,54.801,30.90,110.29,141.19,1980,2100,0,None
2026-06-02 06:35:23.060540,54.956,30.81,110.22,141.03,1980,2100,0,None
2026-06-02 06:35:23.215208,55.111,31.78,110.21,141.99,1980,2100,0,None
2026-06-02 06:35:23.372759,55.268,91.54,128.01,219.54,1920,2100,4,SwPowerCap
2026-06-02 06:35:23.530463,55.423,58.78,256.51,315.29,1980,2100,4,SwPowerCap
2026-06-02 06:35:23.686903,55.581,40.11,160.47,200.58,1980,2100,0,None
2026-06-02 06:35:23.841012,55.737,32.51,109.23,141.74,1980,2100,0,None
2026-06-02 06:35:23.995033,55.891,31.91,110.28,142.19,1980,2100,0,None
2026-06-02 06:35:24.149119,56.045,32.11,110.31,142.42,1980,2100,0,None
2026-06-02 06:35:24.303275,56.199,31.73,110.22,141.95,1980,2100,0,None
2026-06-02 06:35:24.457444,56.354,30.19,110.08,140.27,1980,2100,0,None
2026-06-02 06:35:24.611476,56.508,30.53,110.16,140.69,1980,2100,0,None
2026-06-02 06:35:24.765752,56.662,30.38,110.15,140.53,1980,2100,0,None
2026-06-02 06:35:24.919810,56.816,30.72,109.95,140.67,1980,2100,0,None
2026-06-02 06:35:25.073960,56.970,31.75,110.17,141.91,1980,2100,0,None
2026-06-02 06:35:25.229612,57.124,32.41,110.05,142.46,1980,2100,0,None
2026-06-02 06:35:25.383679,57.280,88.13,153.48,241.61,1920,2100,4,SwPowerCap
2026-06-02 06:35:25.538005,57.434,55.49,242.15,297.63,1980,2100,0,None
2026-06-02 06:35:25.693188,57.588,45.20,164.49,209.69,1980,2100,0,None
2026-06-02 06:35:25.847126,57.743,33.43,109.35,142.79,1980,2100,0,None
2026-06-02 06:35:26.002752,57.897,34.94,110.18,145.12,1980,2100,0,None
2026-06-02 06:35:26.156632,58.053,29.70,110.27,139.97,1980,2100,0,None
2026-06-02 06:35:26.310474,58.207,30.65,110.22,140.87,1980,2100,0,None
2026-06-02 06:35:26.464288,58.361,29.98,110.27,140.25,1980,2100,0,None
2026-06-02 06:35:26.618943,58.515,32.49,110.20,142.69,1980,2100,0,None
2026-06-02 06:35:26.773216,58.669,31.05,110.25,141.31,1980,2100,0,None
2026-06-02 06:35:26.927245,58.824,33.00,110.40,143.40,1980,2100,0,None
2026-06-02 06:35:27.081119,58.978,31.47,110.38,141.85,1980,2100,0,None
2026-06-02 06:35:27.235197,59.131,29.08,110.25,139.33,1980,2100,0,None
2026-06-02 06:35:27.389472,59.285,93.25,168.12,261.36,1965,2100,4,SwPowerCap
2026-06-02 06:35:27.547820,59.440,57.77,226.95,284.72,1980,2100,0,None
2026-06-02 06:35:27.701604,59.598,40.46,144.03,184.50,1980,2100,0,None
2026-06-02 06:35:27.855516,59.752,31.36,109.73,141.08,1980,2100,0,None
2026-06-02 06:35:28.009183,59.906,36.34,110.48,146.82,1980,2100,0,None
2026-06-02 06:35:28.163251,60.059,31.09,110.25,141.34,1980,2100,0,None
2026-06-02 06:35:28.317327,60.214,29.53,110.30,139.83,1980,2100,0,None
2026-06-02 06:35:28.471456,60.368,30.39,110.34,140.73,1980,2100,0,None
2026-06-02 06:35:28.625513,60.522,31.35,110.35,141.70,1980,2100,0,None
2026-06-02 06:35:28.780084,60.676,30.72,110.37,141.09,1980,2100,0,None
2026-06-02 06:35:28.934217,60.830,37.12,110.42,147.54,1980,2100,0,None
2026-06-02 06:35:29.088190,60.984,30.64,110.30,140.94,1980,2100,0,None
2026-06-02 06:35:29.242721,61.138,32.36,110.39,142.75,1980,2100,0,None
2026-06-02 06:35:29.404883,61.293,104.91,181.53,286.44,1965,2100,4,SwPowerCap
2026-06-02 06:35:29.559831,61.455,58.10,212.69,270.80,1980,2100,0,None
2026-06-02 06:35:29.713683,61.610,49.26,148.34,197.60,1980,2100,0,None
2026-06-02 06:35:29.867736,61.764,31.45,110.15,141.60,1980,2100,0,None
2026-06-02 06:35:30.021738,61.918,31.54,110.94,142.48,1980,2100,0,None
2026-06-02 06:35:30.175863,62.072,30.44,111.01,141.44,1980,2100,0,None
2026-06-02 06:35:30.330571,62.226,31.62,110.92,142.54,1980,2100,0,None
2026-06-02 06:35:30.484620,62.381,31.06,110.62,141.68,1980,2100,0,None
2026-06-02 06:35:30.638925,62.535,31.17,110.64,141.81,1980,2100,0,None
2026-06-02 06:35:30.792962,62.689,30.67,110.50,141.16,1980,2100,0,None
2026-06-02 06:35:30.946968,62.843,30.28,110.85,141.13,1980,2100,0,None
2026-06-02 06:35:31.100880,62.997,30.73,110.77,141.51,1980,2100,0,None
2026-06-02 06:35:31.255013,63.151,29.93,110.83,140.76,1980,2100,0,None
2026-06-02 06:35:31.414792,63.305,90.10,196.47,286.57,1980,2100,4,SwPowerCap
2026-06-02 06:35:31.571943,63.465,48.42,208.86,257.28,1980,2100,0,None
2026-06-02 06:35:31.726230,63.622,39.04,146.15,185.19,1980,2100,0,None
2026-06-02 06:35:31.880654,63.777,31.52,110.53,142.05,1980,2100,0,None
2026-06-02 06:35:32.035956,63.931,31.43,111.37,142.80,1980,2100,0,None
2026-06-02 06:35:32.192104,64.086,31.34,111.15,142.49,1980,2100,0,None
2026-06-02 06:35:32.346656,64.242,31.12,111.19,142.30,1980,2100,0,None
2026-06-02 06:35:32.501067,64.397,32.58,111.15,143.74,1980,2100,0,None
2026-06-02 06:35:32.655450,64.551,31.05,111.33,142.37,1980,2100,0,None
2026-06-02 06:35:32.809781,64.706,31.77,111.41,143.18,1980,2100,0,None
2026-06-02 06:35:32.963895,64.860,32.44,111.19,143.63,1980,2100,0,None
2026-06-02 06:35:33.118778,65.014,31.32,111.26,142.58,1980,2100,0,None
2026-06-02 06:35:33.273120,65.169,30.34,110.98,141.32,1980,2100,0,None
2026-06-02 06:35:33.427541,65.323,86.86,177.04,263.90,1965,2100,4,SwPowerCap
2026-06-02 06:35:33.585191,65.478,48.85,219.47,268.31,1980,2100,0,None
2026-06-02 06:35:33.741113,65.635,40.98,165.13,206.12,1980,2100,0,None
2026-06-02 06:35:33.895544,65.791,30.63,110.62,141.25,1980,2100,0,None
2026-06-02 06:35:34.053121,65.946,30.86,111.64,142.51,1980,2100,0,None
2026-06-02 06:35:34.207567,66.103,31.22,111.58,142.80,1980,2100,0,None
2026-06-02 06:35:34.362968,66.258,31.00,111.49,142.49,1980,2100,0,None
2026-06-02 06:35:34.517483,66.413,30.55,111.49,142.04,1980,2100,0,None
2026-06-02 06:35:34.672738,66.568,30.72,111.47,142.19,1980,2100,0,None
2026-06-02 06:35:34.827338,66.723,30.88,111.55,142.43,1980,2100,0,None
2026-06-02 06:35:34.981741,66.878,30.19,111.50,141.68,1980,2100,0,None
2026-06-02 06:35:35.136404,67.032,29.90,111.59,141.49,1980,2100,0,None
2026-06-02 06:35:35.290959,67.187,30.17,111.58,141.75,1980,2100,0,None
2026-06-02 06:35:35.451498,67.341,81.96,178.56,260.52,1965,2100,4,SwPowerCap
2026-06-02 06:35:35.606719,67.502,48.70,216.50,265.21,1980,2100,0,None
2026-06-02 06:35:35.762136,67.657,40.61,181.07,221.68,1980,2100,0,None
2026-06-02 06:35:35.916550,67.812,31.07,109.50,140.57,1980,2100,0,None
2026-06-02 06:35:36.071703,67.967,32.53,111.83,144.36,1980,2100,0,None
2026-06-02 06:35:36.226294,68.122,30.99,111.79,142.78,1980,2100,0,None
2026-06-02 06:35:36.380726,68.277,30.24,111.68,141.92,1980,2100,0,None
2026-06-02 06:35:36.535801,68.431,31.00,111.86,142.87,1980,2100,0,None
2026-06-02 06:35:36.690391,68.586,31.63,111.49,143.12,1980,2100,0,None
2026-06-02 06:35:36.844758,68.741,30.36,111.53,141.89,1980,2100,0,None
2026-06-02 06:35:37.000101,68.895,29.42,111.49,140.90,1980,2100,0,None
2026-06-02 06:35:37.154581,69.050,31.00,111.53,142.53,1980,2100,0,None
2026-06-02 06:35:37.309977,69.205,37.47,111.44,148.92,1980,2100,0,None
2026-06-02 06:35:37.472475,69.360,80.88,198.56,279.44,1935,2100,4,SwPowerCap
2026-06-02 06:35:37.627558,69.523,53.30,208.64,261.94,1980,2100,0,None
2026-06-02 06:35:37.783296,69.678,40.94,115.53,156.48,1980,2100,0,None
2026-06-02 06:35:37.937826,69.834,31.38,109.70,141.08,1980,2100,0,None
2026-06-02 06:35:38.092562,69.988,31.34,111.85,143.19,1980,2100,0,None
2026-06-02 06:35:38.249715,70.143,30.65,111.95,142.60,1980,2100,0,None
2026-06-02 06:35:38.405352,70.300,31.07,112.05,143.12,1980,2100,0,None
2026-06-02 06:35:38.559843,70.456,31.25,111.81,143.06,1980,2100,0,None
2026-06-02 06:35:38.714268,70.610,30.90,111.81,142.71,1980,2100,0,None
2026-06-02 06:35:38.868773,70.765,31.03,111.80,142.82,1980,2100,0,None
2026-06-02 06:35:39.023188,70.919,30.11,111.90,142.01,1980,2100,0,None
2026-06-02 06:35:39.177781,71.074,29.99,111.95,141.94,1980,2100,0,None
2026-06-02 06:35:39.333753,71.228,34.18,111.87,146.06,1980,2100,0,None
2026-06-02 06:35:39.488946,71.384,62.25,251.32,313.58,1935,2100,4,SwPowerCap
2026-06-02 06:35:39.643337,71.539,48.09,211.62,259.71,1980,2100,0,None
2026-06-02 06:35:39.798180,71.694,35.72,109.77,145.49,1980,2100,0,None
2026-06-02 06:35:39.954130,71.848,31.99,110.02,142.02,1980,2100,0,None
2026-06-02 06:35:40.108302,72.004,30.66,112.02,142.68,1980,2100,0,None
2026-06-02 06:35:40.262457,72.159,30.98,111.89,142.87,1980,2100,0,None
2026-06-02 06:35:40.416497,72.313,31.96,111.90,143.86,1980,2100,0,None
2026-06-02 06:35:40.570616,72.467,30.48,111.87,142.35,1980,2100,0,None
2026-06-02 06:35:40.724642,72.621,29.40,111.55,140.95,1980,2100,0,None
2026-06-02 06:35:40.878937,72.775,30.94,111.44,142.39,1980,2100,0,None
2026-06-02 06:35:41.032851,72.929,34.14,111.52,145.66,1980,2100,0,None
2026-06-02 06:35:41.186622,73.083,53.25,111.51,164.77,1980,2100,0,None
2026-06-02 06:35:41.346678,73.237,55.01,111.75,166.76,1935,2100,4,SwPowerCap
2026-06-02 06:35:41.504637,73.397,51.89,240.83,292.73,1935,2100,4,SwPowerCap
2026-06-02 06:35:41.658924,73.555,40.90,167.45,208.35,1980,2100,0,None
2026-06-02 06:35:41.812817,73.709,30.12,109.57,139.69,1980,2100,0,None
2026-06-02 06:35:41.966677,73.863,30.91,110.69,141.59,1980,2100,0,None
2026-06-02 06:35:42.120512,74.017,29.51,111.31,140.82,1980,2100,0,None
2026-06-02 06:35:42.274500,74.171,30.20,111.29,141.49,1980,2100,0,None
2026-06-02 06:35:42.428440,74.325,32.60,111.28,143.88,1980,2100,0,None
2026-06-02 06:35:42.582430,74.479,30.39,111.18,141.57,1980,2100,0,None
2026-06-02 06:35:42.736538,74.633,31.28,111.14,142.43,1980,2100,0,None
2026-06-02 06:35:42.890634,74.787,31.30,111.17,142.47,1980,2100,0,None
2026-06-02 06:35:43.044632,74.941,30.38,111.18,141.57,1980,2100,0,None
2026-06-02 06:35:43.198580,75.095,29.62,111.33,140.95,1980,2100,0,None
2026-06-02 06:35:43.366913,75.249,47.03,111.22,158.25,1440,2100,0,None
2026-06-02 06:35:43.523879,75.417,45.67,121.60,167.27,1890,2100,4,SwPowerCap
2026-06-02 06:35:43.677745,75.574,46.64,206.40,253.04,1980,2100,0,None
2026-06-02 06:35:43.832391,75.728,31.49,109.06,140.55,1980,2100,0,None
2026-06-02 06:35:43.986339,75.883,29.76,110.60,140.36,1980,2100,0,None
2026-06-02 06:35:44.140324,76.037,30.99,111.50,142.48,1980,2100,0,None
2026-06-02 06:35:44.295733,76.191,30.52,111.55,142.07,1980,2100,0,None
2026-06-02 06:35:44.449679,76.346,31.51,111.40,142.91,1980,2100,0,None
2026-06-02 06:35:44.603871,76.500,29.58,111.37,140.95,1980,2100,0,None
2026-06-02 06:35:44.758849,76.654,31.43,111.30,142.73,1980,2100,0,None
2026-06-02 06:35:44.912918,76.809,35.72,111.49,147.22,1980,2100,0,None
2026-06-02 06:35:45.066955,76.963,30.01,111.43,141.44,1980,2100,0,None
2026-06-02 06:35:45.221126,77.117,30.96,111.46,142.42,1980,2100,0,None
2026-06-02 06:35:45.376874,77.271,61.20,111.37,172.57,1920,2100,4,SwPowerCap
2026-06-02 06:35:45.608284,77.427,47.82,229.81,277.63,1920,2100,0,None
2026-06-02 06:35:45.762023,77.658,43.32,108.36,151.68,1965,2100,0,None
2026-06-02 06:35:45.917513,77.812,30.80,109.07,139.87,1965,2100,0,None
2026-06-02 06:35:46.071847,77.968,31.66,109.88,141.54,1965,2100,0,None
2026-06-02 06:35:46.225785,78.122,31.70,109.82,141.52,1965,2100,0,None
2026-06-02 06:35:46.379871,78.276,30.35,109.79,140.14,1965,2100,0,None
2026-06-02 06:35:46.533956,78.430,33.12,109.72,142.84,1965,2100,0,None
2026-06-02 06:35:46.688036,78.584,30.62,109.78,140.40,1965,2100,0,None
2026-06-02 06:35:46.842118,78.738,30.88,109.68,140.56,1965,2100,0,None
2026-06-02 06:35:46.996302,78.892,29.45,109.67,139.13,1965,2100,0,None
2026-06-02 06:35:47.150345,79.047,30.21,109.83,140.04,1965,2100,0,None
2026-06-02 06:35:47.304400,79.201,30.65,109.84,140.49,1965,2100,0,None
2026-06-02 06:35:47.474164,79.355,85.16,125.68,210.84,1440,2100,0,None
2026-06-02 06:35:47.631996,79.524,43.75,236.60,280.35,1950,2100,4,SwPowerCap
2026-06-02 06:35:47.785881,79.682,44.80,152.95,197.75,1965,2100,0,None
2026-06-02 06:35:47.939924,79.836,30.73,108.97,139.70,1965,2100,0,None
2026-06-02 06:35:48.093880,79.990,29.95,109.78,139.73,1965,2100,0,None
2026-06-02 06:35:48.248070,80.144,30.09,109.68,139.78,1965,2100,0,None
2026-06-02 06:35:48.402135,80.298,30.10,109.54,139.64,1965,2100,0,None
2026-06-02 06:35:48.556260,80.452,30.97,109.71,140.68,1965,2100,0,None
2026-06-02 06:35:48.710336,80.607,34.05,109.70,143.75,1965,2100,0,None
2026-06-02 06:35:48.864516,80.761,31.09,109.65,140.74,1965,2100,0,None
2026-06-02 06:35:49.018451,80.915,30.85,109.82,140.67,1965,2100,0,None
2026-06-02 06:35:49.172435,81.069,31.51,109.76,141.27,1965,2100,0,None
2026-06-02 06:35:49.333607,81.223,34.37,109.69,144.06,1965,2100,0,None
2026-06-02 06:35:49.488716,81.384,72.66,260.12,332.78,1935,2100,4,SwPowerCap
2026-06-02 06:35:49.645489,81.539,48.04,166.37,214.40,1965,2100,0,None
2026-06-02 06:35:49.800068,81.696,33.82,112.59,146.41,1965,2100,0,None
2026-06-02 06:35:49.954786,81.850,30.71,109.92,140.63,1965,2100,0,None
2026-06-02 06:35:50.109177,82.005,30.27,110.24,140.51,1965,2100,0,None
2026-06-02 06:35:50.263504,82.159,30.07,110.22,140.30,1965,2100,0,None
2026-06-02 06:35:50.417988,82.314,31.87,109.98,141.85,1965,2100,0,None
2026-06-02 06:35:50.572539,82.468,30.28,110.09,140.37,1965,2100,0,None
2026-06-02 06:35:50.727217,82.623,29.81,110.16,139.97,1965,2100,0,None
2026-06-02 06:35:50.881903,82.778,30.34,110.15,140.49,1965,2100,0,None
2026-06-02 06:35:51.036646,82.932,30.24,110.07,140.31,1965,2100,0,None
2026-06-02 06:35:51.191071,83.087,31.25,110.12,141.37,1965,2100,0,None
2026-06-02 06:35:51.362922,83.241,32.38,115.94,148.32,1440,2100,0,None
2026-06-02 06:35:51.551041,83.413,59.79,139.64,199.43,1440,2100,0,None
2026-06-02 06:35:51.707428,83.601,47.47,197.24,244.71,1965,2100,0,None
2026-06-02 06:35:51.861574,83.758,36.56,108.89,145.45,1965,2100,0,None
2026-06-02 06:35:52.016050,83.912,31.79,109.64,141.43,1965,2100,0,None
2026-06-02 06:35:52.171914,84.066,31.11,110.55,141.66,1965,2100,0,None
2026-06-02 06:35:52.327129,84.222,31.29,110.55,141.84,1965,2100,0,None
2026-06-02 06:35:52.481689,84.377,37.04,110.39,147.43,1965,2100,0,None
2026-06-02 06:35:52.636633,84.532,31.22,110.26,141.49,1965,2100,0,None
2026-06-02 06:35:52.791163,84.687,30.55,110.22,140.77,1965,2100,0,None
2026-06-02 06:35:52.945512,84.841,28.91,110.23,139.14,1965,2100,0,None
2026-06-02 06:35:53.099960,84.996,29.77,110.38,140.15,1965,2100,0,None
2026-06-02 06:35:53.254324,85.150,30.21,110.46,140.68,1965,2100,0,None
2026-06-02 06:35:53.409562,85.305,57.65,110.31,167.96,1935,2100,4,SwPowerCap
2026-06-02 06:35:53.564172,85.460,49.06,253.81,302.87,1905,2100,4,SwPowerCap
2026-06-02 06:35:53.718300,85.614,48.28,175.17,223.46,1965,2100,0,None
2026-06-02 06:35:53.872645,85.769,32.98,109.61,142.59,1965,2100,0,None
2026-06-02 06:35:54.027178,85.923,31.51,110.53,142.04,1965,2100,0,None
2026-06-02 06:35:54.181450,86.077,31.07,110.57,141.64,1965,2100,0,None
2026-06-02 06:35:54.338259,86.232,29.64,110.60,140.24,1965,2100,0,None
2026-06-02 06:35:54.493281,86.389,31.60,110.60,142.20,1965,2100,0,None
2026-06-02 06:35:54.647540,86.544,30.29,110.53,140.83,1965,2100,0,None
2026-06-02 06:35:54.802131,86.698,31.22,110.60,141.82,1965,2100,0,None
2026-06-02 06:35:54.956616,86.852,31.05,110.50,141.55,1965,2100,0,None
2026-06-02 06:35:55.111008,87.007,29.84,110.57,140.41,1965,2100,0,None
2026-06-02 06:35:55.265518,87.161,30.54,110.63,141.17,1965,2100,0,None
2026-06-02 06:35:55.421268,87.316,68.37,126.90,195.27,1905,2100,4,SwPowerCap
2026-06-02 06:35:55.576400,87.472,47.18,253.37,300.55,1935,2100,4,SwPowerCap
2026-06-02 06:35:55.733708,87.627,47.76,170.49,218.24,1920,2100,4,SwPowerCap
2026-06-02 06:35:55.890892,87.784,47.66,166.75,214.40,1965,2100,0,None
2026-06-02 06:35:56.045224,87.941,32.18,108.80,140.98,1965,2100,0,None
2026-06-02 06:35:56.199719,88.096,31.20,109.76,140.95,1965,2100,0,None
2026-06-02 06:35:56.355915,88.250,34.43,110.32,144.74,1965,2100,0,None
2026-06-02 06:35:56.511006,88.406,31.43,110.14,141.57,1965,2100,0,None
2026-06-02 06:35:56.665024,88.561,29.71,110.26,139.97,1965,2100,0,None
2026-06-02 06:35:56.819591,88.715,30.42,110.07,140.49,1965,2100,0,None
2026-06-02 06:35:56.977588,88.870,29.76,110.12,139.87,1965,2100,0,None
2026-06-02 06:35:57.132183,89.028,30.41,110.19,140.59,1965,2100,0,None
2026-06-02 06:35:57.286623,89.182,30.59,110.08,140.67,1965,2100,0,None
2026-06-02 06:35:57.441142,89.337,67.05,162.43,229.48,1905,2100,4,SwPowerCap
2026-06-02 06:35:57.595707,89.491,48.14,230.23,278.37,1965,2100,4,SwPowerCap
2026-06-02 06:35:57.750215,89.646,35.87,119.97,155.84,1965,2100,0,None
2026-06-02 06:35:57.904409,89.801,38.96,109.39,148.35,1965,2100,0,None
2026-06-02 06:35:58.058626,89.955,47.64,110.25,157.89,1965,2100,0,None
2026-06-02 06:35:58.212863,90.109,47.66,110.21,157.86,1965,2100,0,None
2026-06-02 06:35:58.367166,90.263,57.25,110.16,167.41,1965,2100,0,None
2026-06-02 06:35:58.524273,90.417,48.74,110.05,158.79,1965,2100,0,None
2026-06-02 06:35:58.678265,90.575,31.75,109.98,141.74,1965,2100,0,None
2026-06-02 06:35:58.832627,90.729,31.60,110.06,141.66,1965,2100,0,None
2026-06-02 06:35:58.987577,90.883,31.06,110.11,141.17,1965,2100,0,None
2026-06-02 06:35:59.141877,91.038,30.65,110.08,140.73,1965,2100,0,None
2026-06-02 06:35:59.296199,91.192,30.78,110.02,140.80,1965,2100,0,None
2026-06-02 06:35:59.463038,91.346,30.80,108.09,138.89,1440,2100,0,None
2026-06-02 06:35:59.637377,91.513,34.14,66.00,100.14,1440,2100,0,None
2026-06-02 06:35:59.811074,91.688,50.89,66.02,116.91,1575,2100,0,None
2026-06-02 06:35:59.978034,91.861,53.64,70.77,124.41,1575,2100,0,None
2026-06-02 06:36:00.160736,92.028,48.34,71.92,120.26,1575,2100,0,None
2026-06-02 06:36:00.327888,92.211,46.77,71.73,118.50,1575,2100,0,None
2026-06-02 06:36:00.495311,92.378,48.20,71.79,119.99,1575,2100,0,None
2026-06-02 06:36:00.673552,92.546,47.89,71.70,119.59,1575,2100,0,None
2026-06-02 06:36:00.839584,92.724,48.40,71.07,119.47,1575,2100,1,None
2026-06-02 06:36:01.010132,92.890,48.67,70.67,119.34,1575,2100,1,None
2026-06-02 06:36:01.176059,93.060,46.02,71.75,117.77,1575,2100,1,None
2026-06-02 06:36:01.342112,93.226,46.61,71.82,118.43,1575,2100,1,None
2026-06-02 06:36:01.511785,93.392,38.49,71.77,110.26,1575,2100,1,None
2026-06-02 06:36:01.698513,93.562,32.50,71.33,103.83,1185,2100,1,None
2026-06-02 06:36:01.869003,93.749,31.53,58.91,90.44,1155,2100,1,None
2026-06-02 06:36:02.049825,93.919,32.23,57.75,89.98,1125,2100,1,None
2026-06-02 06:36:02.229298,94.100,30.58,54.74,85.32,1125,2100,1,None
2026-06-02 06:36:02.398790,94.280,31.52,54.65,86.17,1125,2100,1,None
2026-06-02 06:36:02.568087,94.449,32.90,56.99,89.89,1125,2100,1,None
2026-06-02 06:36:02.741688,94.618,30.73,53.91,84.64,1065,2100,1,None
2026-06-02 06:36:02.913867,94.792,30.58,55.08,85.66,1050,2100,1,None
2026-06-02 06:36:03.086115,94.964,30.68,53.32,84.00,1020,2100,1,None
2026-06-02 06:36:03.263191,95.136,30.70,32.70,63.41,1020,2100,1,None
2026-06-02 06:36:03.437442,95.313,30.85,32.67,63.52,1020,2100,1,None
